-1.575296006182880904e+00,7.650601152836458141e+00,-8.966827735391634135e+00,2.225593484125216293e+00,1.074337695214160338e+00,-1.025872046393696557e+01,-4.758842182239089169e+00,3.211599948832901230e+00
5.611595591767006397e+00,-5.837421150534475522e+00,-6.345485651556158402e+00,2.357340558933461505e+00,4.529599738806308729e+00,1.826144127456875044e+00,4.640231905603049434e-01,-4.857146964129432476e+00
1.028498314157096516e+01,1.798365826755891073e+00,1.071225640437513782e+01,-3.423488536916476477e+00,3.960910685638489248e+00,-2.827355875955766429e+00,-6.157910907436715320e+00,-1.259326991254227401e+01
-2.049170595649847826e+00,7.424249186215032825e-01,-8.046048712543047543e+00,7.506786912956539659e+00,1.481415294061106946e+00,5.374363129901541747e+00,3.428612862355278956e+00,2.972244147781534451e+00
3.064040507848213135e+00,-2.475948764454456441e+00,-3.350875124898105462e+00,-3.920500548029306032e+00,6.763191716169038692e+00,1.062802412674249020e+00,-3.298260851878842548e-01,-2.900193169061955345e+00
4.326698144531924584e+00,-1.893957664247698958e+00,7.069677256949209454e-01,-2.131481569278026456e+00,4.077112693161221380e+00,8.569968308721345185e-01,7.487473355452189949e-01,-4.979776681446278275e+00
5.179104741861968897e+00,2.952541637802942986e+00,3.803114457755288225e+00,2.259460035772089093e+00,8.246689786737004813e-01,-6.919767951937112471e+00,-2.626656570040346583e-01,-4.720735707455830266e+00
5.614720747305528281e-01,-9.937727021911997305e-01,-4.789276894016170516e+00,-5.240389884983039259e+00,8.787992450439070069e+00,4.905317947973669490e+00,-1.123535538419652191e+01,-1.442439160733950398e-01
-1.002110085382358484e+01,9.097026414372065162e+00,-5.020418760645463330e+00,-7.680005500256946505e+00,2.829510902978929821e+00,2.556898684056322146e+00,-1.108952670378346994e+01,5.922860024126276990e+00
3.225318564956957346e+00,-4.448895122465061469e+00,-2.759143591386550298e+00,-2.742370774033820346e+00,5.793657818328755482e+00,3.591669511234949486e-01,-5.234781628508446971e-01,-3.298934798036954774e+00
1.057047103492774198e+00,2.601116048602973851e+00,4.671647433466056931e+00,-1.525018303256192809e+00,-8.409265984306848463e-01,-1.040148562255033715e+00,-1.538632805039358953e+00,-4.259722882632794860e-01
4.803026100584562919e+00,-4.321427902007411781e+00,-8.299924733352193051e-01,-5.027285843554996081e-01,4.616542858216265088e+00,-1.154461746198430117e+00,-1.149143293783112751e+00,-4.311767430227648745e+00
3.294193416329026736e+00,8.120614164585227002e-01,-1.818227147602489158e+00,-1.056419189602775699e+00,2.586082462090928846e+00,-2.482856649830135876e+00,-1.363813604827086357e+00,1.937176702050883437e+00
3.699075000038467564e-01,9.226436052982009972e-01,-5.458432437311991237e+00,-1.113810660584586332e+00,2.641520479245446751e+00,-4.370614673116709703e+00,-2.276658475436216023e+00,4.505193836335577018e+00
-1.979938755410014739e+00,5.339269467179098783e+00,-4.094527001125875643e+00,-2.826692383332981784e+00,3.183300291021608164e+00,-7.901544744964410505e+00,-5.153183933332917022e+00,3.456353852539071791e+00
-1.369718620963573663e-01,-4.148429158859410215e-01,-1.006595914780169965e+00,-1.705154888310233430e+00,2.658132618089655175e+00,-2.453376486439791559e+00,-2.015784131170236027e+00,1.187302302852988323e+00
-8.196693340037650710e-01,7.450679417383170744e+00,6.835087995204545130e-01,-7.009138184905098434e+00,6.615280214340225839e+00,-5.119790498553316915e+00,-1.115464839108627437e+01,1.428628809433558189e+00
1.825991715636042789e+00,-2.272969678196957055e+00,-4.164464201908050889e+00,-1.797592743971494711e+00,5.619038792020785600e+00,-4.145920746240659760e+00,-2.921560480663427661e+00,-1.594685295248892354e+00
-2.245052558930737518e+00,2.263617847559967977e+00,-1.191976159688367565e+00,-4.178717848711805960e-01,3.053098118310580311e+00,-4.943195895009441898e+00,-2.736392408659379605e+00,1.030805954818367676e+00
-1.621453129663796844e-01,-2.609480608875002439e+00,-4.065796215841068317e+00,-2.950795540922777072e-01,6.073835288412828604e+00,-3.136545277824740019e+00,-2.932040072668335107e+00,-2.982274194952280411e+00
2.938591530920708905e+00,1.296553521127692399e-01,-5.753343614211385848e-01,-1.665332927183272416e+00,2.828316738147631071e+00,-1.474394907054731085e+00,-7.030938104417736589e-01,-1.473036188387612633e+00
1.127049372585482434e+00,-2.241244617346018764e+00,-4.071196704829787905e+00,1.497044977474691008e+00,1.350022811106728726e+00,-2.232315001027822987e+00,-1.513446079089266760e+00,1.411256090965161247e+00
1.271734681489820717e+00,3.143344266706094015e-01,-1.065168840235315439e-01,2.554271636115765798e-01,7.215020733596710922e-01,-2.540819579598971423e+00,-7.295098475568388974e-01,-7.704236064754288460e-01
2.919835060754673250e+00,5.890937626587524623e-01,3.346860089787294434e+00,-7.913035494287281146e+00,7.748137695669164771e+00,-2.779493572802180346e+00,-9.952127288224286161e+00,-6.464699645645175963e+00
1.559105698767469628e+00,-5.948614115213410880e-01,-1.430024567843867445e+00,8.828238255038556304e-02,2.093504770902109513e+00,-4.664541053575943508e-01,-3.483172242050422973e-01,-1.435611297869501923e+00
-5.048698383629765196e+00,6.938327642039759269e+00,3.227013068255475847e+00,-1.560040914989413219e+00,-1.811107823932993410e+00,5.611818318095002311e+00,-8.405656663627000924e+00,-5.428171473193119212e+00
-4.004336614385469062e+00,-2.009680071281477964e+00,-4.364317583975314108e+00,1.564307145895846141e+01,-7.663893011127525412e+00,2.703919997446990298e+00,-2.495449279963223077e+00,-1.391451043468963089e-01
1.015259359664095973e+00,5.076804820739455160e+00,-3.062525726708797524e+00,4.058039113038622858e+00,-1.668516667209287929e+00,-4.998444946840828074e+00,1.631999302556970122e-01,1.444233389193933847e+00
9.986339492263061057e-01,5.707081920741465808e-01,-6.401277412666384059e-02,9.647382896512257666e-02,2.188284007588773505e+00,-8.033679858520046402e-01,-1.555293266475795910e+00,-1.837585971814752472e-01
-1.957359982609221394e+00,1.140788326696202004e+00,-6.244020027331041334e+00,1.238297771521940538e+00,2.408788763590024473e+00,-3.633380379290813700e-01,-6.241833734461685879e-01,6.264627476666888128e+00
1.010065327603557783e+01,5.115899613386558187e+00,2.195471571857737558e+00,-2.410475232757995911e-01,1.062071045877086206e+01,-1.256146546501128114e+00,-7.496408363425263843e+00,-4.971848778267641933e+00
2.567294757277402528e+00,-1.986038284391358655e+00,-5.991206969073983313e-01,-1.369917326635843535e+00,2.321094518029460652e+00,6.131338005918787193e-01,-1.133214046923312068e+00,-2.952275960394538323e+00
9.544411881781652340e+00,-2.415519357807373702e+00,-2.664611591510875233e+00,1.168083192122099057e+01,4.054398982933824946e+00,4.310453425401474803e+00,7.597947703146664011e+00,-1.121686342759088717e+01
-4.446191667260793068e+00,6.230585581154538310e+00,4.209951551018322746e-01,-5.624177068323172879e-01,1.185285162123591141e+00,-5.637747165856458409e+00,-3.063577722002683412e+00,-1.601218346641959611e+00
4.367656808564752247e+00,8.864213987108332304e+00,1.011341340506804976e+01,3.104030295888379420e+00,-1.695253072201501565e+00,-5.531127307977127039e+00,-1.984621039379069751e+00,-8.563830947096155555e+00
-2.419891807128168537e+00,2.334577369865612706e+00,-3.772186124462492351e+00,1.458135483443162128e+00,5.206197220023556227e-01,-2.362995586243800794e+00,-8.512544945977460475e-01,3.238734808993270597e+00
4.297540012373272766e+00,4.456944438584797830e+00,2.246308837324972885e-02,5.353696068188908086e+00,2.038250244494195229e+00,-6.445380745854562221e+00,2.287670308289945886e+00,-4.358419988440735082e+00
-4.897567525008294176e+00,6.039295594413364832e+00,-8.137379397850201812e-01,1.274435843060379270e+00,4.366902016630775929e-01,-5.992879889099092416e+00,-1.147605800996164271e+00,2.614509140510261620e-01
1.384486576827475002e+00,4.995734118316080163e+00,5.605658612185308698e+00,-5.181659449326792455e+00,8.763488499701868051e+00,4.914395880301560826e-01,-1.127938259782453656e+01,-2.745633894522762741e+00
3.329550380548951694e+00,-2.418787745961705760e+00,-6.778580746713669392e-02,-1.116909825028416181e+00,4.064793243997801397e+00,1.555639824349885014e+00,-5.871390233539899306e-01,-5.272351380263257781e+00
-5.025902514243520969e-01,1.118455906459763227e-01,-4.777991865778570713e+00,-7.143172775698758414e-03,2.959993379655501577e+00,-3.676172382685570561e+00,-1.714110684407613494e+00,2.326818689670748785e+00
8.919285013409766094e+00,-5.321129432826007033e+00,-3.478146466204918852e+00,7.323594822663512804e-01,9.515346842318635368e+00,-1.732293958599020023e+00,-4.474646914067426096e-01,-8.627762148618728588e+00
2.998820338728900303e+00,-3.328826861523069169e+00,-2.402162594324331657e+00,5.156686910890558195e+00,5.821531678570192270e+00,-8.102323997649337528e+00,4.110004640567959555e+00,-5.194285815116726823e+00
-1.571556300896840508e+00,-4.259121630280149340e+00,-3.552121949673889389e+00,-1.150598353777428251e+00,4.973881153768910934e+00,-4.936082599173650109e+00,-3.890934623576673967e-01,5.459105731791344951e-01
5.235014830753388360e+00,-4.427232491734329756e+00,-1.513964454562823470e+01,-6.338812924757482037e-01,1.380153853726949364e+01,-3.848495981121776932e+00,-8.566877277972196225e+00,-3.058086999427046315e+00
-6.420107340679305885e+00,8.243282457159953225e+00,-8.462605540789585046e-01,-1.560138297093484061e+00,7.081773960985582761e+00,-3.659915189294416393e+00,-8.669718578918047314e+00,-6.442534855247796344e+00
-8.146721035663498256e+00,6.578110264077046132e+00,-8.953781113199132946e+00,6.108837103091658172e+00,9.603987067064061467e-01,2.533220520798832531e+00,-1.107395165453893160e+00,-2.446536889577389573e+00
-5.641513570463618787e-01,3.183675767652022426e+00,2.398037694958727872e+00,-8.210388018976206848e-01,6.392604015140515017e-01,1.530527353654919542e+00,-1.153632139028373249e+00,-6.536854523427790831e-01
2.832642748463753524e+00,1.007271949755861096e+00,3.060356620895053226e+00,-7.568580820188943736e-01,2.550013997298254509e+00,-2.236869600699419536e+00,-1.728988918697596633e+00,-2.162118315003344282e+00
1.112027796669583291e+00,5.031367405477510601e+00,2.011199725574039920e+00,-5.615030181316210900e+00,1.126489558631428878e+01,6.862930169319634288e-01,-1.113198161982744416e+01,1.736097726456470314e+00
-1.997654744066879040e-02,1.204747343328338660e+00,-3.061604574054173522e+00,-4.956565964292272142e-01,5.213927451357493581e+00,-4.890877290951955558e+00,-8.614308804822310428e-01,-1.494963982278187498e+00
4.755949969736763538e-01,-2.179188673592668657e+00,-1.477238709323116073e+00,3.643235810165434962e-02,3.830500139462457820e+00,-2.067609259599084481e+00,5.439316726492373633e-01,-3.861533522798039630e-01
6.530686092302682155e-01,-2.585190591361656409e+00,-4.301794303597779923e+00,7.956007018865971503e-01,3.757652685771952328e+00,-1.586042387622070171e+00,-2.308544136982895179e-01,3.998366094708463159e-01
-6.371614895835826964e+00,-1.147126530744765782e+00,-7.379326272512104268e+00,-8.549357094711103500e+00,8.261353844541462266e+00,-2.058619178029450936e+00,-8.781074367613850740e+00,-3.122724797816223585e+00
-6.036319812527159101e+00,2.039623715500079371e+00,4.374037364352194146e+00,-8.056232773267959502e+00,4.408366057079497580e+00,-1.268516265051181646e+00,-5.063282439537583279e+00,-5.394806603954726221e+00
-2.912432298440663203e+00,-1.231514992910221906e+01,-6.211701673896867781e+00,-5.723341682791287965e+00,7.953406950880508752e+00,1.151002346450192348e+01,-5.908838083391687590e-02,-6.851980071912559644e+00
4.370859545605604524e+00,-7.696140783759688464e-01,-1.107459265882361521e+01,-2.696737149431832847e+00,3.196121045809098504e+00,-1.811830749308871003e+00,-9.244032226875624758e+00,4.904703904131053172e+00
1.201905883657878205e+00,9.884985973794758962e+00,8.071835564296110377e+00,-3.238281540018209448e+00,5.272024980152016482e+00,-2.086104440957353923e+00,-1.376964181695507250e+01,6.281013031639437472e+00
3.758298530798881210e+00,3.621096774490918158e+00,6.495729450834237362e+00,6.306590319903613295e-01,1.497952207180078377e+00,-1.025638753249002999e-01,-1.763125164703420733e-01,-3.684327472651201418e+00
6.123624644855254484e-01,-9.751556217480801259e-01,-1.216724463461797745e+00,9.142589289987397283e-01,3.444074593170462606e+00,1.246133773377875231e+00,-5.841841936666103408e-02,5.561311755025941661e-01
-1.391554731154679647e+00,-3.575120582593160901e+00,-6.000253355200861449e+00,-1.817781170135650770e+00,4.530453554972721619e+00,7.473900872286332042e-01,-2.182916663351314845e+00,1.161802967529825148e+00
4.343816469140812764e+00,-5.385594707444168350e+00,1.003022082304586116e+00,-1.533619544311736638e+00,7.622907005810555248e+00,1.430056244474145810e+00,-7.742443994640590965e-01,-7.593423486300192593e+00
-3.917883020950043260e+00,-4.214653898254375974e+00,-7.811732796780475496e+00,7.787529087836951192e+00,4.793595747961767017e+00,4.000400198882367420e+00,6.760671153895191132e+00,-1.116805899080820197e+01
-3.220254600866561123e-01,2.059773317615823274e+00,1.396103412203235195e+00,2.369899134890930181e+00,4.352502412486321859e+00,-6.033701024527176493e+00,4.665999864422907262e-01,-5.879905590103248869e+00
1.056555719825282758e+01,1.111066163158582576e+01,1.314917110833314240e+01,4.653112197527085048e-01,-6.560712489943456571e-01,-8.172863645539941047e+00,-6.887006694918371252e+00,-8.175435299964622260e+00
-1.071759871099822181e+00,-2.295211734512816903e+00,-5.163577898066032290e+00,-1.018937786300258885e+00,1.160769273525807277e+00,-1.583110538517906285e+00,-3.673674176037526884e-01,1.606077418625697639e+00
-6.198183548446078994e-02,3.641353549032976478e+00,5.255331531206472562e+00,-9.263666735686008735e+00,2.606930399381890417e+00,-1.096076035756300637e+00,-7.725653842980783281e+00,-3.119677922938720815e+00
-2.481439934859363206e+00,-2.839833326513103273e+00,-7.788894172317971432e+00,-3.423887513248373704e-01,2.886208950197997503e+00,-1.018739456825459078e+00,1.141957749276760525e+00,1.315670421974417970e+00
7.924085024900025864e+00,-2.686994212195637388e+00,-1.174777832079867146e+01,9.217618107561063923e+00,2.428162126941135313e+00,2.681795631611258557e+00,2.384430199796642391e+00,5.262097365231907631e+00
7.482498962289284350e+00,-6.170754759114471355e+00,3.581847797624537755e-02,-1.987570220247823816e+00,1.018015379140884491e+01,3.696814351447037961e+00,-1.630591621225900845e+00,-4.328550044267963415e+00
1.197369768137036106e+00,-1.593399854040195462e+00,-3.178457328038537977e+00,9.095616273479031122e+00,2.212618348041811345e+00,7.206060566048803295e+00,2.185534320486278936e+00,-1.076311965958516836e+01
-1.429222301215781643e+00,-1.129200856345490500e+00,-9.388213584486443608e+00,4.301878024882980434e+00,2.139038828008442916e+00,5.071764612111369086e-01,-3.811546070507945139e+00,-2.870959627257909652e-01
-5.453886724026585142e+00,4.907305651461395968e+00,1.154194823301416051e+01,-7.255499243366735129e+00,3.995105140412985811e+00,-4.107849999567853239e+00,-6.822300766199665745e+00,-5.410788611823435623e+00
-6.200762045999380412e+00,2.973524348044336296e+00,4.640104716100966087e+00,-8.730595466129113191e+00,1.980688356107299208e+00,-3.003309841365511268e-01,-7.006085585301342178e+00,3.306522677084768880e+00
2.791433385807451373e-01,-2.360847070402948944e+00,1.162564487884365860e+01,-9.921795341405461599e+00,1.230135394750855937e+01,4.022231597701031447e+00,-7.996181480873931768e+00,-9.809867944348892976e+00
1.956791314744400490e+00,-7.999704677827812027e+00,-1.152941332905633409e+01,7.817658915248759666e-01,3.740218965088237368e+00,5.445459482898645120e+00,2.541636783849617665e+00,6.997861208791562149e+00
-5.767318296812127265e+00,1.245857536902893159e+01,1.013367065673171830e+01,-4.299967312805669906e+00,-2.198892249936768906e+00,-1.376609256388350522e+00,-6.581919655612548326e+00,2.959596166205332057e+00
-4.275251575995943298e+00,-3.631733217401538205e-01,2.116109689065726496e+00,-2.979494155135754774e+00,6.287242867488560538e-01,-7.531017363153618138e-01,4.218284407338601660e-01,-4.135983059710357512e-01
-4.414920610235272491e+00,-1.179436049951791743e+00,-4.123368681229948596e-01,-9.691515993582767052e+00,1.772048474493108428e+00,3.879482716850962021e+00,-5.295818358777855117e+00,4.325370765018145214e+00
-7.092770851199365012e+00,6.739160309055356457e+00,8.032184445857431854e+00,-7.956435133408899851e+00,3.567583951110761653e+00,-5.461134137381669973e+00,-5.614624827776699689e+00,-3.523402099749160410e+00
2.808768954471123624e-01,5.397305923588481491e+00,-4.440451040267456406e+00,-6.355106089127893210e-01,5.739580282295717595e+00,-6.704707023267371113e-01,-2.558160145092382542e+00,6.658684590057095676e-02
4.161144689542075170e+00,1.248412945059654389e+00,-7.508906429672344451e+00,-3.604852243374472298e-01,1.242881125863784497e+01,2.241756596425699577e+00,-8.323451677890458811e+00,1.036579281498852367e+00
1.087231537055468777e+01,1.117689648071604935e+01,-4.609441381400252169e+00,8.494340012184554922e+00,3.626646979748614275e+00,5.997499681232865143e+00,-1.028668355620034092e+01,9.997509998341726600e+00
1.126507323442704767e-01,-4.908892487387214842e+00,-8.523747078699878799e+00,1.468089015525797514e-01,4.817353397588185260e+00,-7.690762787058520455e-01,-4.529395688475617909e+00,-4.856066141687493953e+00
5.852485242327551962e-01,3.274705328353796130e+00,-4.955056466359871514e+00,9.598122854955541072e+00,-6.211821552271461044e+00,6.075357485690301651e+00,-6.034596182903808170e+00,4.235382893000925186e+00
-5.664841196626376529e+00,6.592346725591945678e+00,-8.271971296197332180e+00,4.768934737924712230e+00,4.303152917237663466e+00,-1.206457535661172820e+01,3.672500791884241167e-01,-1.783256083657364099e+00
-1.110303420778070871e+00,1.598641052128382256e+00,3.771555134268116394e+00,-6.282420197336623602e+00,3.806525462543829175e+00,-8.004332924839115293e+00,-6.048046579899818198e+00,4.040490692685161367e-01
-4.816653448928083670e+00,-7.858161891679356081e-01,1.542320492812092603e-01,1.553027290355286416e+00,2.227615672385914181e+00,-4.781393526618472833e+00,2.809266646004834556e+00,-2.136593393602383095e+00
-7.845360850551207577e+00,2.190196899507730777e+00,-4.981226596904688719e+00,-1.037935129619868668e+01,1.004970170392469386e+00,-6.448402365836986228e+00,-7.668289357065003919e+00,8.270076591197963012e+00
-3.739298886472108840e+00,6.064014957236767422e-01,-7.467426147559384830e+00,-4.675324632321720131e+00,1.481182723162519865e+00,-4.022089027320979504e+00,-3.562493855631431394e+00,6.098722985519541062e+00
-5.232075831249158870e-01,4.785340012392254039e+00,-1.418918219388820212e+01,-4.581128888530106025e+00,1.277033653425861282e+01,-5.695098363115884688e-01,-8.798971300075981716e+00,5.776935814725696616e+00
4.241115312563890072e-01,2.276674479360483616e+00,-5.275562438430622336e+00,-1.009352947353727714e-01,4.239804619949826048e+00,-1.619217796215294269e+00,-7.038071813864277271e-01,2.005133384442588707e+00
-2.824523259184139157e+00,-6.289195888628400510e-01,-5.523981878470450191e+00,-1.060550229202072092e+00,9.481046553467620264e-01,-4.429021494568997852e+00,1.315103929476397759e-01,3.398505903941622108e+00
-4.701727140428901830e-01,-2.491509443432510906e+00,-4.069193225832447247e+00,-1.857772594300944435e+00,8.436351132261306063e-01,1.322842430340900766e+00,-1.431953930204894254e+00,4.182486438796649608e+00
-1.599213016505519613e+00,-8.954621825216579900e-01,-8.066836917686268649e+00,-6.020281509927665198e-01,1.835963803548863904e+00,-3.976350996161730489e+00,-5.927184790231350142e-01,3.594843213283349215e+00
-2.840479108430938204e+00,-9.015885829593217604e-01,-1.223291397994434204e+00,-4.743039732428840694e+00,2.399848290750290047e+00,-6.215624423214778815e+00,-3.326144834951802132e+00,2.652409926727515632e+00
1.372975274427369108e+00,-1.528553439122995128e+00,-4.158508125693409774e+00,3.829465327770525285e+00,2.002271365961075134e+00,-6.064966261073300835e+00,2.809775748579848909e+00,-3.595573581008573161e-01
1.370098428537376289e-01,-2.617710403618336734e+00,-4.236465306668187658e+00,-4.520474193148946718e+00,-1.725173484978244742e+00,-8.520282209549090435e-01,-2.960272890276960389e+00,5.665619011724843723e+00
8.712224628920739455e-02,-3.046143748271953999e+00,-1.473748613948781205e+00,-5.688015618415236396e+00,3.840425959676191159e+00,-5.701607287569380844e+00,-4.834277890797170407e+00,-3.672217253083542854e-01
6.176064067282385217e+00,1.429332044042022964e+00,1.785751761041619146e+00,-2.451317573949211237e+00,1.004466313014856205e+01,-4.951120873911424525e+00,-6.282476269229956500e+00,-1.404513068736117098e+01
1.046639717245757772e+00,-7.886079352622668015e-01,-6.214554544794901325e+00,3.288680102858224430e+00,1.335710248586445381e+00,9.744568539303442023e-01,-2.989314166373235437e+00,-3.482041920296425452e+00
-2.796872210221637012e+00,4.487770549842929668e+00,-3.932104476014699479e-01,1.112124990268612557e-01,1.092829217234327244e+00,3.852154677821477691e-01,-2.461847319840024806e-01,2.058407200026322492e+00
3.350156439583039880e+00,1.200086554921370174e+00,-1.802444895050621332e+00,2.746559890347467281e+00,3.393347465843028488e-01,-4.774554356642462416e+00,-1.555140332986719054e+00,-2.853003553964648553e+00
1.151459387196506867e+01,9.199085070183004476e+00,-4.242134932589744167e+00,2.739272949647122424e+00,-6.409344971808335067e-01,-8.330136863930578173e+00,-4.930371446365967358e+00,-3.785157117217043954e+00
-9.828699778844157464e+00,6.345408676672657400e+00,-7.207586877023763883e+00,6.085485694186605343e+00,3.406863115920405249e+00,-6.182589186869904552e+00,3.055722095818214079e+00,-4.830547245991285266e+00
1.186387121576408132e+00,-3.632081804896696298e+00,-9.438378197858046548e+00,3.397206491092493064e+00,8.679509821814705983e-01,2.590542575944068115e+00,-4.705965048298402564e+00,-4.649344970166303881e+00
-6.972969097193984389e+00,5.214186215923545475e+00,-1.349569651723848018e+00,2.696608645497758694e+00,8.340627161909046627e-01,-9.287930424744468283e+00,-1.161423589742500706e-01,-9.526958073268094296e+00
-6.626233080166928247e+00,-1.129036187115517009e+00,9.919979164413634809e-01,4.947990502578045735e+00,-4.471603786207327680e+00,-3.785623709120896407e+00,-6.296423436102530857e+00,-4.512386819820504158e+00
-5.557682027486738896e-01,-5.951221433981995546e+00,-3.762226378058726173e+00,-1.148466277168564709e+01,3.739762753536048479e+00,1.075826403309351242e+01,-9.662868555907921930e+00,5.179604875052184809e+00
2.695437611518051835e+00,4.323501370597261584e+00,-6.127771761280944585e-01,1.343691981251003043e+01,1.602171456345363509e+00,7.235767547628265461e+00,2.641630762870810223e+00,-1.352390912046700500e+01
-2.736790986300190909e+00,1.146233350704520326e+01,3.991748886358522874e+00,4.579155822327315661e+00,-6.376897008536882794e+00,-2.927881668811656457e+00,-5.429173506303812680e+00,-5.096233750267087359e+00
-3.871909107503981318e+00,2.097392015350343364e+00,4.946979455194207453e+00,-4.023338956515145171e+00,9.830288037458645434e-01,8.212066401734137600e+00,-8.636003501206285904e+00,-4.494015329252954771e+00
-5.513239170947519696e+00,3.641779413354014672e+00,-7.399503861785144743e+00,1.557504272034380133e-01,-2.552851505786030373e+00,3.067848114082887268e+00,-5.967867560019672446e+00,5.309181404083465949e+00
-4.767406061028992781e+00,2.563354287880550864e+00,1.548070729415065294e-01,-6.446995549615882837e+00,6.739695444064968122e-01,6.959141877337950532e+00,-7.032353501504456261e+00,1.935616779888011951e-01
-1.099118359381505927e+00,-5.573938923260751466e+00,-9.214065918440519809e+00,-7.289797950008264138e+00,6.630721512429094133e+00,4.996204445826117002e+00,-6.009932964375053643e+00,-6.779905477478067599e-01
-2.402545814625624665e+00,-5.712620769732954074e+00,-3.486867843676646928e+00,1.470743610337377438e+00,2.575736105686407207e+00,-2.577063453480478827e+00,-4.492675919763895465e+00,-6.276043769869935396e+00
-1.207455481244906181e+01,1.431640941413187207e+00,-2.388676396844347849e+00,4.437850123534798463e+00,-5.330175158962111581e+00,2.212740381084639107e+00,-9.243835640303162293e+00,-6.803004848680293648e+00
-2.410880569087538561e+00,-1.365929612223199419e+00,7.652700953880580137e-01,7.665786155732759788e+00,-4.022321310167807695e+00,5.326704755773286948e+00,-1.153015671008061460e+01,-1.145000590694988674e+01
-1.118239092437760318e+00,2.727507053099164303e+00,-3.625585191850163369e+00,8.973385606799744174e-01,-3.987277599625429936e+00,6.160836167211920511e+00,-3.492898021548762166e+00,1.671765191660555594e+00
7.540695007572253417e+00,4.734298301504210826e+00,-2.680654812574027712e+00,8.435000792181250873e+00,7.388342609979375197e+00,7.655076222853555379e+00,4.459428765731897393e+00,4.454659826377456167e-01
2.231425992437294781e+00,6.430422490173564043e+00,1.093198667824997905e+01,9.518164671005517885e-01,1.684737873276514364e+00,-2.571289742833561043e+00,-2.257197291867758526e+00,-6.588245245430733199e+00
-6.807988429561113719e+00,1.172094226151624596e+01,3.399774588807289888e+00,1.310055447371981208e+00,-8.920404274940775480e+00,-1.694505075473887512e+00,-6.601843552583821939e+00,3.579850471396223366e+00
1.513228137594265332e+00,6.180455437685180797e+00,9.232317848262116655e+00,-4.548734740309170022e+00,-3.639288666674825201e+00,6.939518695165428852e+00,-8.353701138505238433e+00,2.903420237611705979e+00
-3.148753250438498519e+00,-2.334296853280627637e+00,-1.079212624612179106e+01,4.982953834013563732e-01,3.048978906121608823e+00,5.332914227642078231e+00,-4.497326050221522209e+00,-3.413800876645348925e+00
4.937717332321889252e-01,1.711362941680663052e+00,3.876753513692077213e-01,-5.554292235621180573e+00,-1.817184728250785808e+00,2.571281464729169741e+00,-3.412584653776171706e+00,3.039113899966566557e+00
1.408462828375121045e-01,-5.982926347799808475e+00,-3.871475763126780212e+00,-4.638461337150778796e-01,2.610298755322866704e+00,-5.087587955617649538e-01,-3.313096632933379748e+00,-7.288095669816434530e+00
1.069219486226299809e+00,5.582629583017603814e+00,-3.488390379940591313e-01,2.082790208513873864e-01,-2.257473688673815815e+00,-2.335137501244816782e+00,-3.713078815798042331e+00,2.985393325136809217e-02
-4.118378900797701192e+00,2.491461278681206704e+00,-1.371692429325121365e+00,-7.608099778510699629e+00,-2.820574471139724704e+00,-2.987157534435127992e+00,-5.328013848034919064e+00,5.789735542007599101e+00
2.579568504851720512e+00,8.305750662763362158e+00,1.857888200524716815e+00,-9.585135018473676993e+00,2.270145864761190069e+00,-6.958366803617428431e+00,-1.050858719622999793e+01,4.032411590995133022e-01
-1.129257413713348646e+00,5.332131105451819231e+00,-1.184430525668574319e+01,5.327357798140975653e+00,7.699443929476053050e+00,-7.959782193955652119e+00,1.894895340961706198e+00,-7.654558115995572898e+00
-1.046694632090074961e-01,5.018910639634000859e+00,3.062346701580126229e+00,-3.883666218678901494e+00,2.609550887166243172e-01,-5.264391027293141789e+00,-3.503398792381235971e+00,-1.972584582195577863e-01
2.215317672223345635e+00,4.372943013697108583e+00,-2.240733569098876110e+00,-6.854379803523984460e-01,1.848002063670515227e-01,-2.680205340362547872e+00,-2.623071055415381103e+00,-2.657268506189738311e-01
-2.569639734710509327e-01,3.620559792438085900e+00,1.025976599913234866e+00,-2.479531988305827550e+00,2.795643025225323708e+00,-6.889791932017375053e-02,-1.907959902486161319e+00,-1.390756276213508613e+00
-6.399485053116599431e+00,1.167700357604497086e+01,-1.074991330329877215e+01,2.193174142098229140e+00,6.257990715262908843e+00,-1.297629834035914920e+00,-7.381504649412780061e+00,-1.552450627702612884e-01
-1.495816873189372842e-01,-9.660500963651079687e-01,-3.793700896912583165e+00,1.505070195671913247e+00,-2.149992034059902135e-01,-1.564338028282708848e+00,1.267502817743576760e+00,2.722062389040953434e+00
1.179596845174667452e+00,1.017012847109622875e+01,-9.467869417681697541e+00,-4.248295012200153931e-01,-9.723176798456867331e-02,-6.415888509181384869e+00,-8.164092306876060690e+00,9.254597705446558464e+00
-7.982559862935678652e-02,1.918971312373137339e+00,-4.131131839213932899e+00,-4.524941282448974533e+00,2.858611149989824352e+00,-3.639285324683993572e+00,-8.711970570266654335e+00,-3.982016121515960627e+00
-4.081711536507472982e-01,3.231337734865440403e+00,-3.053329419832477853e+00,1.482699332912040813e-01,2.029801243866204974e-01,-3.179595927367548036e+00,-1.877403313349173875e+00,-7.653691418952348613e-01
4.380240453912269238e+00,-1.105171948518081759e+00,-8.059573651000611960e+00,-3.325729432841794342e+00,3.800063620580292234e+00,9.197357044641019108e-02,-8.655873112511482947e-01,4.791658363871476034e-02
-5.255940688397343408e+00,1.974705511982721706e-01,-8.617794291022308428e+00,-6.141554906712770823e+00,-8.112837430852886111e-01,7.312683709735514626e+00,-7.172404225756565666e+00,5.847898020543262909e+00
3.376725602990505948e+00,3.513565751896393419e+00,7.645425251604966999e-01,7.721952663697019048e+00,-6.286664436408210932e+00,1.037989577616419545e+01,-5.178269986564104421e+00,-5.058493643993498878e+00
2.509919253078630064e+00,2.788479250360939243e+00,-3.304046464102607494e+00,-1.979702786366234868e+00,1.443405830537458634e-01,-4.183496951533605124e-01,-1.321925494928659850e+00,4.326128194160485663e-01
1.014615787340757302e+00,4.933080057430000664e+00,-3.121828297135162522e+00,-2.347485792434884644e-01,-1.255311751216497074e+00,-2.557080196399910577e+00,-2.120376368342781870e+00,1.819380692237251074e+00
-1.200766838914079315e+00,-3.782798827163358357e-01,-3.551199173710128498e+00,3.389287093447310717e-01,1.990153003766022000e+00,2.039018934546485973e-01,-1.874235436504372077e+00,-5.128873435967644667e-01
2.190971090072479033e+00,1.933924512559988207e+00,1.184818353655712420e+00,1.276867364709683317e+00,3.094118417317597292e-01,-1.126016677946473754e+00,9.687599977464966816e-01,-1.923683431819754208e+00
1.126526045461846648e+00,1.710310902650569620e+00,6.926356367394441715e-01,2.567417408307713700e+00,4.184241333173388533e-02,5.269520038162318620e-01,3.271920375613248666e-01,-1.295242748735236704e+00
2.742223383582230500e+00,1.636117067574855310e+00,-2.527750807980249981e+00,3.262553552512981181e+00,2.014702723538841944e+00,1.211049288971677074e+00,1.315651430957985424e+00,3.676861992620905628e-01
-1.609118718740710108e+00,4.434627683031836298e+00,1.678030067301584438e+00,-1.135781109160498348e+00,5.544079918865090217e-01,-2.876681064244502650e+00,-2.267907892273766990e+00,-1.401357871777070274e+00
-3.996807355448002141e+00,6.013819470345738161e+00,3.652916091289435396e-01,5.795340826932729783e+00,1.038782766188592888e-01,-5.409861748248963487e+00,3.910445828325753048e+00,-2.323637822554799115e+00
-1.078846742418776206e+00,4.557124197839059754e-01,3.289067102055382108e+00,1.193701260691780730e+00,4.854394849345045060e+00,1.123759271174613605e-01,-8.470554149589113457e-01,-6.467020756919291458e+00
-2.804805986986110611e+00,1.733199256147540890e+00,-6.715615777787805385e+00,1.989271036923535130e+00,3.955127315747397176e+00,-5.072066984603127437e-01,-1.272683707541893083e+00,5.269917459817019534e-02
-1.230280284246841438e+00,6.244008485623497862e-01,-3.038973799050613600e+00,9.153650250210909611e-01,2.480669953299655894e+00,7.809489542486445224e-01,3.737006648928953290e-02,-1.667811524905642440e+00
2.271827780565577548e+00,4.718664207666679822e+00,3.198679948058695821e+00,-4.486265503536660759e+00,1.065226886178517951e+01,-3.970659155189904865e+00,-1.098261453642312979e+01,-7.261257971707617109e+00
-1.583698018881116720e-01,2.583416239562799088e+00,-1.081358239417004041e+00,4.071235270935950723e+00,1.388235191458493833e+00,-2.412051029026718751e+00,3.004848799044308461e-01,1.335932694647103514e+00
4.628557966937467683e+00,-5.811628491818421338e+00,-2.531459397215354734e+00,1.421709322657686680e+00,6.736624157883410291e+00,-2.137501816505458230e+00,5.744508183487484487e-02,-6.034635651440081183e+00
-8.163643703534149143e-01,9.422694701641900483e-01,-2.053269714439807547e+00,5.214700732455022081e-01,2.158957189355949158e+00,7.547807263684127577e-01,-8.193445523087286020e-01,5.363237648936101110e-01
9.787898083415909056e-01,7.365556134168641300e+00,3.356206639291334781e-01,2.242103103423866095e+00,5.939255205957417516e+00,-7.728879728994171749e+00,-3.150031147047898550e+00,-8.932245628383666869e+00
-6.671818610530390714e+00,7.322105260558888773e+00,4.434215744351378774e+00,-9.212742391767402950e+00,-1.245809404622973737e+00,-3.100950805858166959e+00,-9.828250726676806437e+00,4.772439501290652863e+00
8.513895397500515827e+00,-1.059831774403852300e+01,-9.886234486667683896e+00,-1.026469684522831383e+00,7.955906260902031235e+00,-1.858228281544365368e+00,1.352459645629543905e+00,-4.746597821424545227e-01
-1.853878532558685732e+00,-5.372552387849210298e+00,-1.065306848107604409e+01,-1.146468973477248854e+00,3.319619158663822400e+00,5.560134954462130352e-01,-2.723242639481905147e+00,7.186627574894778547e+00
-4.100275188252962000e-01,2.191949592292621318e+00,-4.184452661949606966e-01,2.118219479973559860e+00,1.398761826630264160e+00,-2.470255234000855005e+00,-5.815768171728779024e-01,4.717753725637354734e-01
-1.181220012013838527e+00,3.115444188535708037e+00,3.575163794824343100e-02,5.199199330474053582e-01,2.098016966512488146e+00,-2.490203877394057130e-01,-7.409423733782767307e-01,4.758711059513622832e-01
-8.325547999057489879e-01,-2.367526622941355186e+00,-6.316309685906452032e+00,1.525718017106446167e+00,6.226355356162959431e+00,-3.062401620536578939e-01,-2.004650687795970221e+00,-4.345574722387093303e-01
1.251904435985555120e+00,3.572001989960761570e+00,7.352240783961669024e+00,-7.233891937014132800e+00,9.770964786811598302e+00,3.338652120904230802e-01,-1.092678413550904004e+01,-5.502414036315746770e+00
-1.156831863799692606e+00,3.341185166971346376e+00,-5.053604511211402972e+00,1.074776295885049748e+00,3.477234180815314435e+00,-1.927973454238558926e+00,-1.739664704590896838e+00,2.501271405497820233e+00
-5.752926129370550257e-02,3.983790076096097366e+00,-1.887860750980822511e+00,3.213521015167249750e+00,2.478357873371096254e+00,6.297497314094020471e-01,1.514914762718808872e+00,2.408021733501441108e+00
-2.210873023731038334e+00,5.227207123729392890e+00,-5.831490423536594747e+00,1.217812529350407846e+00,3.326864255300998163e+00,-8.538425328311709528e-01,-1.312073287920565434e+00,2.999750437413124082e+00
-2.540787840618366822e+00,5.407218204787602289e+00,-7.758999326363213989e-01,2.758181290369421390e+00,-1.536359054352820497e-01,-3.465819234854756736e+00,1.181853754924784283e-01,1.559015467392129262e+00
-6.509106007484177780e-02,6.211596959892258241e+00,1.721113075099166556e+00,-8.014777917822388797e-01,2.830109298018283148e+00,-1.882017307516463900e+00,-1.849022364822476172e+00,5.942209603165236054e-01
-1.817466629315358295e+00,5.322897476053245480e-01,9.081436228728609894e-01,-5.942440729349702799e+00,7.221324730647240564e+00,-1.712449155519032651e+00,-5.587601428576108198e+00,-8.631020321526218453e+00
-1.575175209562774681e+00,5.172242070485492782e+00,3.608252345051969900e-01,-2.394120392320533419e-01,2.153627432127283914e+00,-2.468030007068577003e+00,-3.318303397414664957e+00,-1.971273652162752521e+00
-8.690010782309891546e-01,3.073881335548349192e+00,-2.311709140416515318e+00,-1.274640701910438434e+00,5.421835389857728060e+00,-5.097630964547867904e+00,-2.869466626069161030e+00,-4.057458214208817360e+00
6.941070532059725906e+00,6.643744217758881909e+00,1.738438677296838764e+00,1.311433018053698873e+01,2.610969633740000795e+00,9.117613846175032677e+00,4.293242630195415188e+00,-2.369180741563750470e+00
-3.316403868756297335e+00,7.034551527520235936e+00,-8.395095068382429915e-02,-1.188342228451576110e+00,1.994696241570696360e+00,-4.209707711708782440e+00,-4.843706951933206994e+00,-4.065786556071010693e+00
-1.960062008765141917e+00,9.452731943939209458e+00,3.291755542990363992e+00,2.256943673799308492e+00,4.448966346947258454e-01,-1.945367232061305796e-01,-1.017137534103054852e+00,2.291209617363791473e+00
1.476730873655017318e+00,3.335589694078491707e+00,-2.123606327793379211e-01,2.716868930447702279e+00,1.363476522415127734e+00,1.062504443526261166e+00,-2.510547109276199063e+00,-1.458691284675601718e-01
-1.296385292801435440e+00,4.412898819026851882e+00,-2.263419560523292073e+00,1.674005371988180446e+00,2.100708059014133156e+00,-2.702728869837608183e+00,-6.212628238183062201e-01,1.995552573513674766e+00
8.677124260434920799e-02,8.118420786171650860e+00,3.551383735853400836e+00,7.742761021373451236e+00,1.003438278081862034e+00,3.420148291699805387e+00,3.689623534033048102e+00,-2.243438376317646199e+00
2.146394461722482383e+00,7.964166814925297544e+00,-2.466156852422507484e+00,3.932756738991304069e+00,2.880353483623378175e+00,2.340050851441350055e+00,2.583966722428268081e+00,6.113265408658624445e+00
-2.324155422835454843e+00,3.267046793841406949e+00,-7.817927199550231965e-01,-5.313799270917465289e-01,1.573121979724815267e+00,-1.107707934011457240e+01,-2.519014611597558684e-02,-4.280808593223296654e+00
6.470278763228742847e-02,6.077367774746536000e+00,4.403291105070625822e-01,-3.645875179026192292e-02,1.500420931777633138e+00,-8.749936121514217291e+00,-7.864970664694981295e-01,-2.671080913671555201e+00
2.569325919804527736e+00,-3.095539324890616673e+00,-7.045294471355302512e+00,5.218429953238457042e-01,4.850279968529671137e+00,-4.328827409586885722e+00,-1.695862038091565438e+00,8.940981565061110192e-01
8.037464513915642428e+00,7.906402429866920656e+00,-9.239923895086821659e+00,1.137033199234360303e+00,2.243783625031285478e+00,-4.964215660288274989e+00,-2.667092982285852898e+00,1.213094240782147715e+01
2.542406275795214388e+00,-2.889980066012617588e+00,-6.997786699939329225e+00,-2.326755863899846233e+00,4.871017115042930890e+00,-1.368663154135905780e+00,-3.953858285179007392e+00,9.979408744312729951e-01
-1.177973233507128681e+00,-3.500692460515779647e-01,-1.202546062928976811e+00,7.676725879800940788e-01,2.308113614529749835e+00,-2.843633174863567703e+00,-6.272404986741633159e-01,-6.770989959293043370e-01
-2.478150020312907209e+00,5.662142755613025713e+00,-3.970058146496154183e+00,-1.902296164430686609e+00,2.313060630927044947e+00,-6.958577604659557991e+00,-3.168841375896468637e+00,4.811407966738596720e+00
-1.886403329255932126e+00,2.255222186440883014e+00,5.342538778784258202e-01,1.199435661308960288e+00,2.110758054230196912e+00,-1.925925193121158507e+00,-7.001650941825565688e-02,-1.880677128032182566e+00
-1.196748192182055082e+00,7.892222713224681385e+00,8.305531314062520210e+00,-5.714464882875174290e+00,8.749807766346844318e-01,-6.380285070335456332e+00,-5.831935399775177942e+00,-2.654769652110839040e+00
-3.797428847970890864e+00,5.249940642754253872e+00,6.101974320712912458e+00,-7.735937366091357958e+00,7.582911319835152764e-01,-1.073250356114637150e+01,-9.838867833901014492e+00,-3.163971427971545403e+00
2.170593006632996591e+00,-3.627205307895821296e+00,-3.243476927846124624e+00,-2.469110925849435478e+00,2.208243209409093577e+00,-2.712625977880131600e+00,-2.520158199972774682e+00,2.432129581091801107e+00
-2.555992678238943050e+00,1.245096643205136910e+00,-2.584945335263949318e+00,-8.424737055788851237e+00,9.143817817733705944e-01,-5.046302407403537416e+00,-6.889169367447880887e+00,3.308991874943831846e+00
-1.889085912273146928e+00,5.722235725576524601e+00,1.457188750091014340e+00,-2.627200107034296295e+00,1.457859879710118545e+00,-1.140931705404637286e+00,-5.227902323144257402e+00,-3.572569099766551126e+00
1.359581601032766685e+01,-5.920858796651180533e-01,-4.625230969828746375e+00,4.229089534916234072e+00,1.808979199880366595e+00,2.858352085342654725e+00,4.480059604738098056e-01,-2.938706588313277912e+00
8.261680185682436228e-01,6.199680126663697166e+00,-1.734244037644302461e+00,-4.201040185891243617e+00,8.295764665494981926e+00,-7.217748950838542399e+00,-7.862316207588728290e+00,-6.764099463856740435e+00
1.684016723598728227e+00,6.537631399423952772e+00,6.751117778540971059e+00,1.619641558376824220e+00,-1.989110001764444524e+00,-1.084781641763360449e+00,-1.763869475538033527e+00,-2.961015783654014299e+00
-3.405256424896278666e+00,-3.999717356320868333e+00,-1.050369851647992903e+01,1.049197949480058156e+01,3.325216641191341971e+00,6.830076936652170083e+00,1.836697674281612125e+00,-5.403445918985491758e+00
-2.881772333189032587e+00,-1.714683022313763461e+00,-8.335719543416889366e+00,1.101016280731631802e+01,3.271767998540675570e+00,4.009014886839087133e+00,-1.098555468618301223e+00,-9.711805518699813788e+00
-1.466788031282959759e+00,-8.232708904161322394e+00,-6.202259633753127943e+00,6.155867586788872359e+00,-9.871560288702634356e-01,9.658995587580019304e+00,-2.137871938592831533e+00,-6.575599079750533704e+00
4.030907664814750824e+00,-5.543772841095028880e+00,1.248199630855220121e+00,5.791926966573479607e-01,4.676957130789480832e-01,4.785857664057211913e+00,-9.518301585094912642e-01,-7.392416061449885945e+00
-5.785011653925198338e-02,-4.938489657313788861e+00,-6.969274076572839149e+00,9.168203254157010207e+00,3.689528510392643845e+00,4.072721788134616716e+00,1.204364445795564897e-01,-8.805735740562184333e+00
6.712787726872448957e-02,-2.743971675642479902e+00,-4.454804599448347169e+00,2.883626797585100210e+00,-9.207808578142622213e-01,1.935457710107848284e+00,-2.363601213843038451e+00,1.610855003046674394e+00
3.285530348303121961e+00,-2.952807030901235752e+00,-7.239355314088471438e-01,1.682947994735964681e+00,-1.415328950754451531e+00,7.201022919349924223e-01,-2.828946213608984905e+00,2.442806720928925035e-01
2.642911215351773535e+00,-4.050579418647915375e+00,5.383960117034050086e-01,1.303474857512266327e+00,3.375693420396457256e-01,-1.751731615445563994e+00,-3.240041985932594848e+00,4.900440442321793988e-01
2.128622390054160096e-01,-5.645032936492171416e+00,2.146524675594494003e+00,4.547188549513316858e+00,1.081756356848098566e+00,-1.339663714125321814e+00,8.487404355661736233e-01,-2.175864651819933382e+00
1.128981286528998540e+00,-6.064147152550218856e-01,8.015985045144988774e+00,-3.334128756942954297e+00,9.931111002268073751e-01,-2.646616448486379447e+00,-5.824782502412237051e+00,-5.678026478236241736e+00
1.695959372145284805e+00,-7.781746583524753902e+00,1.170571091201340064e-01,2.163816987323615493e+00,1.151907086974755634e+00,-2.030306494370697212e-01,-1.478563146298382369e+00,-2.477897707855711396e+00
-3.401603898183390484e+00,-4.690719051009341278e+00,-1.115459092325101942e+01,5.150919756565738972e+00,6.494964348310480418e+00,3.144120263055459219e+00,-1.131807124560401112e+00,-7.433766365000168186e+00
2.844260726549138418e+00,-6.569589415476922767e+00,4.789047025956748804e+00,-5.810564782733438349e-01,2.034228972576274774e+00,2.964765051396391904e-01,-8.842709128421930576e-01,-2.387541895540184811e+00
-2.887993898479557231e+00,-3.975523034895613428e+00,-4.574356654645566955e+00,5.075536833241011792e+00,2.310573701976182281e+00,1.437098673147597649e+00,-2.064792140518836305e+00,-1.611789180547262390e+00
-4.570012999653492169e-01,8.940711005431763780e+00,7.282728114785149920e+00,2.778821795747474788e+00,-1.565593344824701472e+00,5.998108328529649924e-01,-4.610126119228235453e+00,-1.834229377659480908e+00
-2.008939919350260617e+00,1.690869628703509209e+00,-2.623699320451628125e+00,1.450737357737371225e+00,2.905397224624206132e+00,-4.313295704275714737e-01,-2.783788169889903408e+00,6.163112949469815582e-01
-4.270262849560794827e+00,1.104590469458259072e+01,-4.003483951860902224e-01,7.782868718311174661e+00,-7.375959347900054031e-01,-9.709711552340767327e-01,1.679082802654660478e+00,7.782060273690254437e-01
2.525590113242235368e+00,-1.230219930901646608e+00,-2.573898944707379677e+00,3.253818482664817324e+00,2.957870014995340302e+00,2.914202135491585910e-01,1.982799594181454905e+00,1.727863267632463229e+00
-2.190134112870691041e+00,4.653838834621721876e-01,-2.310720873167787293e+00,3.725815178315821097e-01,2.819271614609005994e+00,-1.727325029438046222e+00,-9.441860444974199407e-01,1.662135194676654493e+00
-1.886653687756003617e-01,3.340014138177537895e+00,1.963479523774270596e+00,-6.266816185704255027e+00,8.543539314501044757e+00,-2.993953727910320328e+00,-9.563008615841599891e+00,-4.164880075924640934e+00
-5.779323387103279863e+00,5.897250028995668636e-01,-9.620538156044982969e+00,8.624680161412841883e+00,2.305248228919915654e+00,5.545971267808453398e+00,3.231048633614351129e+00,1.013414514918280052e+00
4.522698734382022856e+00,-5.265500867916191652e+00,-3.084009210795998879e+00,2.241775210895173398e+00,4.148066464890971972e+00,-4.131066713172291127e-01,-1.180118563295714962e+00,-2.000546188153164096e+00
-3.401992898085564043e+00,-3.124129456003337690e+00,-8.311415769508577966e+00,7.222214431345925334e+00,3.861475472942363041e+00,-5.211441185398063780e+00,-2.369032160969146705e-01,7.682088890036999906e-01
3.673176182538573364e+00,1.020016470350424242e+01,7.380795369751396606e+00,1.019805323001515696e+01,-2.089095131136994965e+00,4.040371991048147038e+00,-7.848977556082192386e+00,2.995864942558912336e+00
-4.495808796868228541e+00,-7.302574037249482508e+00,-1.084078775546252515e+01,5.703682332847807679e+00,6.671238613219233393e+00,-4.663874484306946400e+00,-4.135974332603736592e+00,2.625606747241584493e+00
-8.551993018055735973e+00,-6.020258873813460809e+00,-8.347425754796734765e+00,6.721686491261733565e+00,4.562982793052817954e+00,9.418806827780777269e+00,-5.594312363627107487e-02,2.823052198362151266e+00
1.313485158965545851e+00,1.633885529475717524e+00,8.588949753049814895e-01,3.163350103595759855e+00,-8.740646538857812509e-01,1.261196565703182282e+00,-1.961878697529546800e+00,-2.860191391821160778e-01
6.277455183602713262e+00,-2.059712732543490965e+00,4.862674695337958042e+00,2.689157998837201635e+00,2.205304486891559890e+00,2.786048596833611946e+00,-1.692575175128579579e+00,-9.062372380135416350e+00
-4.949306731680833238e+00,5.632182347214900631e+00,-5.910623276921068481e+00,6.849526751013801373e+00,1.773520921607893985e+00,3.537386423547232095e+00,5.668089177926052269e-01,4.475295341546019934e+00
4.136885576731845759e+00,-3.375741594524468425e+00,2.693127232343901500e+00,3.429189526327816928e+00,2.183479926006474781e+00,9.115974929856445197e-01,-8.007323677163216136e-01,1.659230075998035625e+00
-5.734118552391016976e+00,-1.107647555611664814e+01,-1.317562499637860762e+00,-1.168859211456384450e+01,7.341660919315319056e+00,7.930263145592426177e+00,-9.449876639240404330e+00,-2.181013438506518298e+00
5.255778101404770197e+00,1.256467826835479862e+00,3.605263688142611223e+00,3.712831732949132935e+00,2.722462746005596124e+00,-8.146441646046739038e+00,-1.030592635242896238e+00,-6.168880860938914523e+00
-6.709291463005162548e-02,3.328179411598081838e+00,3.779981309480263008e+00,4.630244446722770135e+00,2.370461060622453875e+00,-4.062996633117179179e+00,6.102845304508448532e-01,-2.375176978064685862e+00
-4.340253235373532803e+00,4.815549050222408312e+00,6.166003933933497549e+00,6.975014906583322905e+00,-4.502065721432570999e-01,-4.764762065389822610e-01,-3.139864564777787415e+00,-1.051598556810904306e+01
-7.840415597088669308e+00,4.780021049653207399e+00,6.463764038405687806e+00,5.525449336985710502e+00,-5.596968692345571927e-01,-4.123369993881222939e-01,-1.891998997235050162e+00,-1.016828764532385776e+01
-7.105236483463658104e+00,8.029747274294299686e+00,-4.123338333043953696e+00,6.049006440002488105e+00,3.334291294671889894e+00,2.337037244733342511e+00,6.954058646116727527e-01,-3.301684395695779095e+00
-8.944907941629905324e+00,3.921217506195567637e+00,-3.258354371436701591e+00,-6.790886509006159866e-01,5.434548807963134998e+00,4.744343807321271811e-02,-3.024269631600449593e+00,-6.501246563326681382e+00
-9.289522203701027436e+00,1.026314971782032437e+01,1.480771771943514947e+00,6.250950523320186747e-02,-7.429936157620775639e-02,5.613085989396743969e+00,-4.831397987999626054e+00,8.222972399847423564e-01
-5.266077869750051654e+00,7.517123553834101912e+00,-3.599076406459913446e-01,3.703632892270722898e-01,1.043416829820474678e+00,-2.972065375369913554e+00,-2.511518677408888678e+00,-3.327839306732704117e+00
2.655741326157291304e+00,8.297498243122783279e+00,8.675616261851933686e+00,9.696638561296218484e+00,2.403516620723935127e+00,7.092291602900378855e+00,1.971156442845075629e+00,-3.476474114609548138e+00
2.571188663262673479e+00,8.170122604645465358e+00,-2.172792588533962732e+00,4.929351720460186659e-01,2.843389377691368569e+00,-4.385779876279976008e+00,-1.807677905810071817e+00,-5.987519419043492164e-01
1.967158422663584094e+00,7.017275380832042941e+00,-1.537894558863454941e+00,9.731116706672160444e-01,2.334054370144900581e+00,2.006802431704814538e+00,-2.290700864488906419e+00,4.302836133258418627e+00
4.298307541979891067e-01,9.690404103612392461e+00,-1.664260576842782058e-01,9.706339700125869996e-01,2.528068100863777978e+00,-4.268846971793431866e-01,-2.502932046647625697e+00,4.527293332696572747e+00
8.290601825879899689e-01,9.703642524627984045e+00,-2.460471248817772683e-01,9.563677429462438262e-01,1.313194086168118391e+00,-5.835064478367431029e-01,-1.587128946401374474e+00,4.461026951759727410e+00
-1.912224419033865308e+00,-9.056319966375414587e-02,1.731108065075711133e+00,-2.639331960910335617e+00,3.882923623864685148e+00,4.443872074392770877e+00,-6.860452297771492347e+00,-5.593729261601524172e+00
1.393244702481904573e+00,4.730056053451935583e+00,5.232673959530257157e+00,2.387030808094708689e+00,1.531362638153714650e+00,-2.849218107789891263e+00,-1.742434849927574803e+00,-3.393968355274616489e+00
8.137628617508134710e-01,6.959653416666612635e+00,7.374574572836682940e+00,5.434708518323266624e+00,-1.956970072960304341e+00,6.950383449331711816e-01,-2.755689352534368641e+00,-8.037263203516742394e+00
1.786230437656796122e+00,9.366218212743396165e+00,5.328699992599437607e+00,1.136642789677884569e+00,7.492222411572426743e-01,-6.123821379646843255e-03,-2.274695374774638346e+00,1.237613666592953132e+00
1.663696508442526589e+00,1.969551963650312265e+00,-2.024039276485023464e+00,-2.057103955215918489e+00,5.941551617490463677e+00,4.841951228948400576e+00,-6.907015559625353518e-01,2.445137724786930811e+00
-2.302871502587422903e+00,3.867272675786478153e+00,-1.200946528590296403e+01,-1.514885305879388300e+00,7.557455914268985886e+00,3.029202778108290861e+00,-5.876881171690566674e+00,6.240809064040888643e+00
2.486402213585185983e-01,8.219177733707615729e+00,2.622775484506198573e+00,8.120166025035320700e+00,2.560893836030590620e+00,6.525797266491570880e+00,1.615417118581426559e+00,5.792417170257390779e+00
2.046149990125324170e+00,7.496184453479726173e+00,2.575102107019247022e-01,-6.721447812368159802e-01,3.416930128252988474e+00,3.554227898260755580e+00,-3.927124867264713437e+00,3.730730657212911083e+00
4.256892902340284834e+00,-8.823595619958123137e+00,3.272587324275154419e+00,4.711936503173288493e-01,3.320696464091306588e+00,-1.163522778542296354e+00,-1.705476766567644464e+00,-2.114263378988815667e+00
6.171233790240136408e+00,4.302461799563510603e+00,-1.241040886949043465e+00,2.934759938134587465e+00,9.066009062751849257e+00,1.214207658044007099e+00,-1.241430780226400898e+01,-2.366906841176378506e+00
3.844251893333225922e-01,1.295918576673138034e+00,2.986841444025796655e+00,1.301825861272063900e+00,-3.077294486408325369e+00,3.864069182075950959e+00,1.585386473270944396e+00,-3.515813175173866156e+00
5.487918321913438646e+00,1.668799531914030521e+00,-4.495756611020111038e+00,8.183205283540454289e+00,-4.786684456194655546e+00,-1.238697949393043896e+00,-6.406943393830080602e+00,-2.847069313949660341e+00
-5.396923966296910180e+00,3.649427765310871319e+00,-9.380899555026051218e+00,2.360399081553414380e+00,-4.836099954037616833e+00,5.171679999901153124e+00,7.050151288361981017e+00,2.028071746006343545e+00
6.713975268222040604e+00,-2.904969543798498144e+00,-1.047549487303660065e+01,4.584840520683990839e+00,-3.046917161429313126e+00,2.109888199098402417e+00,-4.551659954370959937e+00,1.038799993191591575e+01
1.344473258043093189e+01,-1.491482933446419690e+00,-4.458452011687384697e+00,1.163935925068889210e+00,3.326964415112374951e+00,-6.530547011427289661e+00,-1.031016755735180368e+01,4.531982703643435251e+00
-4.661449028704623743e+00,2.603603700321094117e+00,-3.203509756949907583e+00,3.585211727528760051e+00,7.463073091741930121e+00,-4.586015224026550818e+00,-4.889273201332311469e-01,-2.333611028180762048e+00
-4.455507162996714676e+00,4.383698734210311976e+00,8.946973205372781734e+00,1.795758635620144261e+00,8.388703383380063272e+00,7.034475071711832506e+00,-1.137621508244916591e+01,5.338488860173903561e+00
-2.128312297974439993e+00,3.827642210169990733e+00,1.531833606047714236e+00,7.875148021201400894e+00,4.456416062972062164e+00,-3.960976653102056932e+00,-1.465461709365866172e+00,-4.926628439752844812e+00
-8.400116209796260058e-02,2.586128758606118350e+00,-7.331072440858974471e-01,6.581412993625642471e+00,5.949518098798545651e+00,-1.814983346457482050e+00,-3.179586807838108875e+00,-6.906631604258710588e-01
-4.589438158725411832e+00,-5.068636129234808330e+00,-7.345789919687412350e+00,8.314891645463056591e+00,5.465620558058341238e+00,2.118651275745218499e+00,-4.119808865732231595e+00,2.287593186478312557e+00
2.104920886233418109e+00,2.240077378563897881e+00,-1.017306904732135564e+01,7.004803101749654815e-01,6.301185110941995404e+00,-1.133743411511585641e+01,-6.634969763415055510e+00,6.256490842899587790e+00
-9.958947115610929046e+00,-1.076581167080385093e+01,-1.316206951602673136e+01,7.905702724463981035e+00,8.655545729345767825e+00,2.174856386955189347e+00,-3.250208641883988392e+00,-7.944430115281302385e-01
-5.959079597480483326e-01,8.191010975622781132e-01,8.013330539763998672e+00,4.288240811046090784e+00,-6.111905174612568103e+00,2.280834684509291499e+00,-7.672334546474242956e+00,6.249796816238346153e+00
-6.659538338518957712e-01,1.087313639102968965e+00,3.883272660587152370e+00,4.442782591798348335e+00,-6.440588430156786170e-01,2.898277488347918762e+00,-1.026766628719058261e+01,2.026406275612328223e+00
-4.566181699530623028e+00,8.379665219299804235e+00,-1.034893884048612600e+00,2.426042145683667606e+00,-3.298533931412958697e+00,7.752243046723157338e-01,-5.402230224103017342e+00,2.483116263125780154e+00
-4.424618514462213881e+00,-1.242778748112011655e+01,-1.313801074535680158e+01,5.039777077286064610e+00,6.218241232579968525e+00,-7.850710321393541413e-01,-7.625795249023735067e+00,6.481107667291809982e+00
-6.761491239789249263e+00,-1.029753137400707841e+00,-6.496856080041894188e+00,5.629270210304850863e+00,1.819863103737597410e+00,-2.374287471853685716e+00,-3.812824730693077591e+00,1.277470716013784147e+00
-2.362933594722044006e+00,1.834991497132572258e+00,-5.809159703551353360e+00,6.893554934205014639e+00,1.539495188690990002e+00,-6.788775308602795100e+00,-3.218938811146032641e+00,-6.196324359272194826e+00
-1.526712746530800136e+00,-3.775801650459059911e+00,-7.860927188358710183e+00,6.783494876643202609e+00,5.271100260282507222e+00,-2.019459098217354587e+00,-2.471959203185400966e+00,1.669698569598359938e+00
2.464866466449639137e+00,9.154559026638904307e-01,-2.842667922496479704e+00,1.027990117595497210e+01,6.299393743343906227e-01,1.137844348863019439e+00,2.113055273255469491e+00,7.170478954070629740e+00
-1.702132908071865014e+00,6.645050256890618456e+00,8.144744709308270103e+00,5.773615017845368236e-01,2.805367457738202397e+00,-1.003525233841639608e+00,-3.702281191365326407e+00,3.758293408255702239e+00
8.609960211006390196e+00,8.334768761992011221e+00,3.603176292677041204e+00,-3.246462408668632449e+00,-5.452748409802132823e-01,-6.053138428935524118e+00,-6.713181422792271036e+00,-2.289830319686897653e+00
2.261949810247624093e+00,4.209689590836442008e+00,-6.869905031216902991e-01,-8.202855282513617396e+00,5.025111593557182843e+00,6.440850579601237413e+00,-1.116877983888946346e+01,6.277777383703572411e+00
9.847999994995410233e+00,1.811770355317559478e+00,-1.120668323488327012e+00,-8.084884740848012896e-01,2.889251137007343040e+00,-6.053263691977209149e+00,-5.882546254177103862e+00,-2.821559299588262348e+00
-5.465973644109211271e+00,-3.419931419527284966e+00,-4.085725756177257750e+00,-8.476104218853103944e+00,9.985414114828895293e+00,1.063603311319245925e+01,-7.561270550704614735e+00,3.630356497020511775e+00
-1.156199955541653779e+01,-3.767699049597799110e-01,-8.788682405013737764e+00,8.966419476513531883e-01,1.129582566487878736e+01,1.231564583824523318e+01,1.364490881704458980e+00,3.731721046861013580e+00
-5.019550954589922398e+00,9.272901198774658127e+00,4.019646003494273145e+00,1.222731712858361242e+01,2.336310440915027709e+00,5.022031362334349325e+00,5.937453060465561094e+00,-8.618823981580494120e+00
-9.301310407825605253e+00,-3.640355234389772932e+00,-5.033267337498717353e+00,8.282322538592309158e+00,3.060098476089990527e+00,-4.333835789984028963e+00,-9.416041293678855340e+00,-6.801861944459671960e+00
-3.337633502175802569e+00,5.255967215323423147e+00,4.508807716196267634e+00,3.718054280589952576e+00,3.482826540853156683e+00,-7.350239868746344385e-02,-1.264591049414712787e+00,2.836227882581360937e+00
3.932530283188255371e+00,5.545833377313495127e+00,-6.165024248286659514e+00,9.772522165855262344e+00,-1.526478864593110663e+00,-2.131063137424246356e+00,-2.428670253811021862e+00,-2.728549180346284686e-02
-7.383991728043837632e+00,8.264355696545313990e+00,6.312981130589194745e-01,-5.695928527901321647e-01,-9.420503448599397700e-01,-2.627313445590138130e+00,-2.974744833581843828e+00,1.169404930473521897e+00
-5.225446182786680716e+00,6.406946311078445255e+00,-5.594171521621515986e-02,-4.236523363336324177e-01,1.743667944252262680e+00,-7.600882916731599437e-01,-2.311755069900966575e+00,3.112558275510970418e-01
2.134314659538846914e+00,1.125788885553954977e+01,2.078634190730122455e+00,8.350661196656947727e-01,-3.139861581178007288e-01,-4.555852215349951440e-01,-2.683339667897003622e+00,6.519297070058678756e+00
-3.736413529028160152e+00,1.521222748399877922e+01,-3.766085438269906938e+00,-1.003643306483949837e+00,3.323355040391160031e+00,-6.866661608694775154e+00,-8.874867436387228636e+00,1.682110435125450110e+00
-1.852935140724271124e+00,2.715767428949535045e+00,-1.036106267805331660e+00,1.361177831170904184e+00,1.443188747552548001e+00,4.182941440616356310e+00,-3.437557410501532740e-01,2.729676725539456950e+00
-2.039543246542950161e+00,9.082176249525778289e+00,4.377663373326837970e+00,4.143086937202880016e+00,-2.111761086905055151e+00,1.381587667034127609e-01,-5.373911828774022847e-01,6.043043403610395270e-01
-6.312845882377258633e+00,4.241912931257454389e+00,-5.559442191675736389e+00,1.482712494871788911e+00,4.227614269376329226e+00,1.186898487554973158e+01,-6.191517325407117411e+00,5.899685801457087209e+00
-1.898549334003335032e+00,8.537587725738900346e+00,-2.286066395440205845e+00,-2.071041283135682143e+00,3.105457572352902318e+00,-1.121242133137573038e+00,-4.676377664261829992e+00,-2.612969276872560975e-01
6.413703632230116636e-01,9.370072416184960673e+00,-7.294757623884853270e-01,2.216036294185450117e+00,4.002968830412039658e+00,5.204821274393423014e-01,-2.350145600238682242e+00,1.404753694376356110e+00
7.472893763662382671e-01,8.953635716870977035e+00,2.151683878081696921e+00,4.283200301454359593e-01,3.740240798220244578e+00,6.758793830021507798e-01,-3.835565013018204183e+00,1.012133819015741842e+00
1.773350575841082799e+00,3.757964990271218220e+00,-1.180564637844904174e+00,1.879100866647583246e+00,1.726932364989779201e+00,6.906391800856400920e+00,-3.142823026435258349e+00,3.798946838873268561e+00
1.486968814323853083e+00,-5.006645502450052021e+00,-4.777947869010412241e+00,-2.791742987344856708e+00,3.965887929104294329e+00,1.419231733759440894e+00,-1.000989797341427234e+00,-2.327437692196733465e+00
5.114326896381919951e+00,-1.248084567131597211e+00,8.369880278407149099e-01,3.941755027126633948e+00,1.952799852913451373e+00,3.503455685914447670e+00,2.040093247109226127e+00,-6.199487103974408164e+00
4.837920969966532425e+00,-1.614094006885262278e+00,1.432677548421317892e+00,1.055488739380411989e+00,4.974673891704228801e+00,3.183039425590861615e+00,3.132615239813676844e+00,-7.892220178742663350e+00
1.473213207432600313e+00,5.081988022605495203e+00,5.672687035470363348e+00,-1.925317471244953005e+00,4.423674589524387635e+00,-5.682696140774410321e-01,6.996600860055957050e-02,-5.474357897953760599e+00
4.374177784898872545e+00,5.392820839542958211e+00,-1.092236169578706573e+01,3.977075706419300971e+00,-2.072655140005514873e-01,-5.244270534947041540e+00,-1.934990706428100893e+00,8.770521331157379308e+00
-4.425473852532355590e-01,3.867870043236560473e+00,2.085534977588970662e+00,-4.115610615884864210e+00,8.322118165028003389e+00,-1.500939532970465340e+00,-3.225003118956085935e+00,-5.308017157505529049e+00
1.204524266546187050e+00,2.210920368369192701e+00,-3.830642563069470263e+00,-6.067100978327503391e+00,6.617308733590983039e+00,-1.074800187462122558e+01,-8.719733503179519118e+00,-7.320070400279957035e+00
-8.966123640397283268e+00,1.122604510652698195e+01,2.793820264782858942e+00,1.999710360915334384e+00,-4.803851922853153766e+00,-1.162518638848777996e+01,-6.229538026397397843e+00,-3.530043501264685801e+00
1.431282908206875648e+00,4.239639206146154748e+00,-1.700604781784816222e+00,-1.925177219693891439e+00,5.523197960623305924e+00,-3.376231015907075417e+00,-5.990062668985158822e+00,-2.356010758265878913e+00
8.602932280880548621e-01,7.874846822128697355e+00,-2.843808715550773414e+00,1.968596246554724871e+00,4.418569741974666343e+00,1.525582690615094661e+00,-3.214177520150247602e+00,6.654219486624625368e+00
3.120343857665605736e+00,3.975357107196126449e+00,3.514107297826893905e-01,1.026153396662382811e+00,5.267250634807739473e+00,-3.564332512586723123e-01,-1.473909636234399301e+00,-2.400500053669394340e-01
-2.925783062350983066e+00,4.334168772179814333e+00,4.309934222382406865e+00,-3.893697135520467256e+00,3.812610923412017350e+00,7.969673002999155820e+00,-6.679889695051164367e+00,8.040532798959236782e-01
5.096996257303634259e+00,3.800144116020910623e+00,-2.428547963317530201e+00,-2.867190173813836118e+00,6.561130933287706135e+00,-5.482140153544763805e+00,-3.532170969444470288e+00,-2.536370202787863626e+00
1.614553929343954586e+00,2.594318514668622733e+00,7.696265369389445610e-01,5.882517802536859630e-01,2.852356406445671233e+00,-2.777183875198899088e+00,-1.847579921745081899e+00,-3.466944659623754976e+00
1.192936278043089882e+00,9.180572216679852016e-01,2.299747845037231286e+00,1.092184482347230423e+00,3.346873328868004371e+00,-4.704521196617199585e+00,-4.187912293093552840e+00,1.922833589381267805e+00
-2.983741738520908626e+00,-5.902723613241661837e+00,-9.804879715878319857e+00,4.997107016569289684e+00,8.392777456027886274e+00,4.546454920650017328e+00,5.774520732965306991e+00,-1.224881995755029429e+01
4.060922361250828949e+00,-4.341117643462744091e-02,-8.251504339693019219e+00,1.031726069169369531e+01,9.772125779166257686e+00,5.604603251254475893e+00,7.777135119355587989e+00,-7.415932181247629984e+00
-8.632059929748411520e+00,8.356454941658014945e+00,-5.061662758364354531e+00,-9.820955133702478079e+00,4.875712681347855515e+00,-4.931752973252001127e+00,-1.145923696246916279e+01,1.930507107316358217e+00
1.091417515704659058e+00,2.811752654913410421e+00,-2.791123759924353465e+00,-2.518042501509146547e+00,4.406761689209787392e+00,-7.703273158303614032e-01,2.764817312996914467e-02,-2.078585954540009162e+00
2.772738990845178719e+00,8.124527175396462297e+00,-2.085639597442760174e+00,2.888076742112700934e+00,3.338784700564985997e+00,7.079896112304657763e+00,2.244364970191059072e+00,7.403447668281172511e+00
-1.318555590235845365e+01,-9.407052363245263393e+00,-5.473670800369083267e+00,8.245855435743701278e+00,6.996457054698890232e+00,1.459917344857749555e+01,9.733980245430712941e+00,2.221259825057956050e+00
-9.267725434110934302e+00,4.175322243885926099e+00,3.948049667731964973e+00,6.743219889342944029e-01,2.593913409306575879e+00,4.530807510265836058e+00,-5.257643141369839235e+00,2.284294643375423206e+00
-4.320169558914277452e-01,3.684665605742772243e+00,1.233666475721998390e+00,1.009408094167610059e+01,3.445397088134889430e+00,4.191819830952471015e+00,2.086843986323537070e+00,-7.764354707323679605e+00
3.391935802112699960e-01,2.007742928897966017e+00,-5.375869005323052008e+00,1.162815099646651085e+01,7.109650044679347580e+00,1.054233167790928150e+01,-5.516889390300230289e+00,-5.731727839720248241e+00
4.250734362878375805e+00,5.946687942164809115e+00,-3.957543601589235571e+00,4.483568239247746057e+00,4.596501022009519488e+00,8.373793217885062035e+00,4.726927152133290733e+00,2.410590991997883847e+00
8.516361455571241912e-01,3.387138546220267887e+00,-5.802570026920548685e+00,-4.269621477646943219e-01,3.835375135513879208e+00,2.264203806203779479e+00,9.634196420724219223e-01,3.164902389430749530e+00
-3.688082172972815265e+00,1.864480491031591303e+00,-3.967539346288937008e+00,1.870617505651982704e+00,8.376963757885194095e-01,-4.776940394550551972e+00,-8.795400948338679470e+00,-7.898342197201928094e+00
-2.843686408113865305e+00,1.910111611215873806e+00,-1.126356255163510234e+01,-7.838019928822294702e+00,1.260207229405327567e+01,-2.656343344546692187e+00,-7.685416951142250319e+00,-8.020433653650915762e-01
2.798541365397563485e+00,3.589946985871618423e+00,-7.504417085399579079e+00,6.035178947905314395e+00,-1.331824671365156476e+00,8.223802343515501434e+00,-2.969244918429683633e+00,7.395993794785336917e+00
-3.481605026189215302e+00,5.627311932692991903e+00,3.721617624133220836e+00,-9.833831907630560920e+00,5.272627916179959406e+00,4.670275725701479530e+00,-8.407360376596230367e+00,3.437673085184691946e+00
7.059939963680485597e+00,3.856596955605567256e+00,-5.718910302616610153e+00,-3.372087137735583884e+00,3.030296865060819300e+00,-4.660252468888119282e+00,-5.266566902246904824e+00,-3.223642356488040761e+00
-6.171668757399374705e+00,4.933327179267208429e+00,-6.848089421266700505e+00,-1.303973208046117493e+00,-1.435749515265487997e+00,8.101949112782580897e+00,-1.003647176800976837e+01,2.464148001267748356e+00
4.983776937644810445e-01,3.163157047162491686e+00,8.923101872648628863e-01,1.139389803221055875e-01,-2.304235611866453759e+00,1.165278915957588701e+00,-4.261763045086379265e+00,-4.922629973920192192e+00
-3.737085784060263371e+00,6.126039507007234874e+00,-1.173305343270505174e+00,-2.717119530501348468e-01,-1.740031287560583007e+00,4.036011331558908566e-02,-3.918101350862738919e+00,-7.065199192086648594e-01
1.313025778842080937e+00,5.740539597374043623e+00,2.255041003998752291e-01,8.891544433639538170e+00,3.960733048358457964e+00,6.537956379239764360e+00,-1.750476631885046874e+00,-8.634069710225345418e+00
5.504934225075255760e+00,-1.936673602486131962e-01,-3.976128967563442362e+00,1.281525077101949606e+01,2.529448826636893966e+00,1.213093099949435860e+01,4.746363138369570578e+00,-5.252165029321416156e+00
-2.876152485231460609e+00,-2.731416419967395370e+00,-8.676518437000963146e+00,7.010101440795490468e+00,3.125056583964819445e+00,8.448878219915831878e-01,5.549585760038685756e+00,-2.093868452869700469e+00
-4.812150834961812507e+00,8.813077833743040657e+00,-1.979640147375966608e+00,1.663285557894900180e+00,3.121897685726170657e+00,1.074651035166196866e+00,-4.238849107901820901e-01,8.532476413110663405e-01
-5.241248277296651992e+00,5.454174919005421174e+00,4.028832832812111242e+00,1.198502623280425450e+00,8.734700553451915539e+00,9.502807510385238743e+00,-4.342366905859236237e-01,-1.446839075094903171e+00
2.063873784114838017e+00,6.134530205686119508e-01,-5.491962513459395012e+00,-1.808736322662669593e+00,-7.576976310325767017e-02,-1.248743511945825224e+00,-5.587664052070911325e+00,3.498767317773287644e+00
-8.313241293587850578e+00,1.045467378215660048e+01,-2.700608122959102797e-01,4.070297150838642963e+00,-4.414018381432632587e+00,1.928655098481239616e+00,-3.458895108266110796e+00,-8.573241458279754479e-01
-5.030287807272038947e+00,8.405172685545799993e+00,5.754699128154925347e-01,5.666492183491983248e+00,-6.527062429687302547e+00,7.858814770654086956e+00,-4.737086489008586199e+00,-1.509636734840288819e+00
-1.156687756931639655e+01,1.179339133624564084e+01,-5.762472786407272451e+00,8.694384145866859370e+00,-8.645431426989715895e-01,-9.622232428056751719e-01,4.939266398768106470e+00,3.708984582954424347e+00
-6.687509470014946444e+00,2.916483907770084816e+00,-3.889358203478147757e+00,4.652492813717758580e+00,6.135908282185491558e+00,-2.024868885638841931e+00,1.793568482311918677e+00,-4.394993927533568101e-01
-6.592746574653232550e+00,1.436265386985017489e+00,1.308836806695411070e+01,5.026391771434310485e+00,1.362613455668353346e+01,1.095446838061481110e+01,-5.122716439208802264e+00,4.638965254344416422e+00
2.057594427892118105e+00,4.496565038043853768e+00,6.235127729131671792e+00,-3.251328221972630939e+00,7.048443477804722690e+00,-2.849783426489253202e+00,-7.994243120131001135e+00,-1.976270265667894099e+00
-5.765327595248073145e+00,8.367141206945481358e+00,-1.212668564812937610e+01,1.893858133426078449e-01,3.873648286798698326e+00,-1.021086412309123048e+01,-4.855955430906055525e+00,-5.568359287965893856e+00
5.673290587539221441e-01,8.277480690204436442e+00,1.546954829859699121e-01,6.819924830926510140e+00,-2.682004368302377095e+00,1.583218281485435863e+00,-1.605895624136659317e+00,-1.422844570606087933e+00
-3.972410979663703046e+00,6.608770512492148974e+00,7.736844547849644371e+00,-2.403282244242443078e+00,8.062144866259210119e+00,-7.405247422632234233e+00,-8.596211767630308032e+00,-5.857173806985116471e+00
1.117197535193663427e+01,-2.104296104360618092e+00,-3.306438572445461688e+00,-6.053538638569422758e+00,7.660100785603167317e+00,-4.089226911120554142e+00,-9.057609488661238828e+00,-4.486886974322596089e+00
8.971996938533081334e+00,4.555072639265707934e+00,-8.986883344864432743e+00,3.937633540453123082e+00,-6.797163905871121958e-01,-1.892144930182240614e+00,-2.011850380415174833e+00,7.702132321343512444e+00
-6.818414761973171423e+00,1.134699474760520843e+01,-4.854675891610732208e+00,4.163508466043253087e+00,2.214459771782347985e+00,-5.443497555192047255e-01,-4.567837055907304489e-01,3.516059425062501020e-02
-7.197030576056957507e+00,8.787204620034403391e+00,-2.590173924986075349e+00,1.406651935420042632e+00,3.582111115627716558e+00,9.657574565401860767e+00,-4.653760673205441734e+00,7.129129702628571152e+00
-1.169446988653237618e+01,-3.654738529398698255e+00,-1.205508688222757030e+01,-1.955750273436877684e+00,1.316451625683495230e+01,-7.814299759317908656e-01,-1.447007868107878403e+00,-2.587150352617586968e+00
-8.562563419737326598e+00,5.876661780250504563e+00,1.167012906488619217e+00,9.546089030585987345e+00,4.465409747747974833e-01,1.731855375217751458e+00,7.494283746103126198e+00,-6.266382600965511251e+00
-3.666736492800356295e+00,7.804251322485404430e+00,4.645518063100428918e+00,-7.945636978352945690e-01,1.729032467657418692e-01,9.228655846645223093e+00,-1.021385286069670784e+01,3.808898444087694291e+00
6.642552077902849739e+00,6.657749631070366547e-01,-6.441389497652085794e+00,-5.568055682191470623e+00,6.172572450033798397e+00,-3.607467622558615084e+00,-8.614236815561024940e+00,2.909479386620328345e+00
-7.780820159342850317e+00,4.941928584560550952e-02,-5.248922790199141097e+00,2.205526603023013621e-01,2.123757311813429638e+00,-3.697678607745747748e+00,6.237786415750312674e-01,-9.341236368334751017e-01
-4.328312875413727667e+00,1.334143776122509450e-01,-6.444516768366538528e+00,7.714896722053357081e+00,2.978617230209212430e+00,6.990019581914660662e+00,-1.180114016333811300e+00,-5.698532128988023082e+00
1.252171517272772316e+00,-3.307335847087415903e+00,-9.960670644443514021e+00,-2.286269423244782217e+00,4.971339437490764901e+00,-4.923841890697294943e+00,-5.486519170371218834e+00,2.990282935134661813e+00
-4.294995574875293265e+00,3.528802870268636482e+00,1.508359239462493395e-01,7.983523871232335978e+00,1.290136455089126333e+00,1.124097289776568154e+01,-8.100433583567255624e+00,1.677917084404670689e+00
1.250089097451372133e+01,6.744380050655166770e+00,-7.285553797510141649e+00,-1.208324480249797661e+00,6.184123033548584836e+00,-1.349304503162453983e+01,-8.243273489046018199e+00,-1.838832168525394772e+00
2.389664896898611168e+00,-1.191937472362443096e+01,-6.359379236344386399e+00,2.243937163364060794e+00,-2.290722929457221113e+00,1.271549011582194844e+01,-2.021480428056979584e+00,2.281985129434739079e+00
1.526199004956231953e+00,7.554654820895187584e+00,-3.188800869124937876e+00,-3.819072050891470838e+00,-2.257184994530789801e+00,-4.191153245425859097e+00,-5.595164310940692332e+00,6.867836228615518124e+00
-1.163725750727080310e+01,1.009608539889445744e+01,1.056428038798084224e+00,7.664492919020392314e+00,-5.976806163813484396e+00,4.249687292689092288e+00,6.338696274124013819e+00,8.928800653174636892e+00
1.160356061749914502e+01,8.214688488813687073e+00,-1.050433251453830863e+01,6.109935813999358700e+00,-1.957390255118915956e-01,-1.741918724470580271e+00,-1.182735141455863115e+00,9.647294677491188963e+00
3.379333620397875215e+00,9.100187833863241593e+00,-1.841108037157495270e+00,1.087021289722452444e+01,8.872924576466001412e+00,-1.035860806976941717e+01,-7.146147469832018206e-01,7.386144798813907286e+00
-8.943570554132662664e+00,9.631036006861203091e+00,-4.440290496769470074e+00,7.863534068883187622e+00,-9.357523577362654166e+00,1.490922877319562012e+01,-9.093217961111530911e+00,3.598079960869416283e+00
4.926252503398447224e-01,1.893259160485709636e+00,-1.482219315699828677e+00,4.254953421595161878e+00,1.703772639197907113e+00,-5.178972985244740812e-01,-9.433836962522018865e+00,5.871519003742307063e+00
8.841798819912021656e+00,-4.568573626496020168e+00,-4.837848281195372913e+00,8.569609031110360320e+00,4.574115027566537428e+00,7.295625740741607856e+00,-8.183630585453082418e+00,-5.844173513199197867e-01
4.546080486704131118e+00,7.601295359380466188e+00,4.157214421349394229e+00,9.948566541960749632e+00,-3.950475521291899383e+00,4.406832774761230809e+00,-1.394801207554525213e+01,-2.032905490421899941e+00
1.494559916819679835e+01,4.656728690966475348e+00,3.790371869281962347e+00,6.258521780882758456e+00,-2.654484578423730312e-01,3.032593299851169988e+00,-5.857119518680257819e+00,2.511292691957734746e+00
6.901367676562950138e+00,-2.714653360877698596e+00,2.755374344783368734e+00,-1.798539139670043863e+00,6.892166198082860795e-01,1.842818062933358370e+00,-1.691777492438170105e+00,-6.614298833756227403e+00
1.222688334444959279e+00,-8.601156636508175968e-01,4.558201109740885215e+00,-1.509052191419094191e+00,-6.088777955269069064e-01,4.680158906631684879e+00,-4.288007717148380138e+00,-2.620990666010991621e-01
4.686218660748249221e+00,-1.295634364332842070e+00,-9.995937556164310678e+00,1.101325838663385781e+01,-1.778994635120977552e+00,-1.193003678734139150e-01,-1.129981941450894922e+01,1.025450686969339609e+00
7.466674606271798353e+00,5.315584369338007598e+00,-4.415793485722465661e+00,1.725955379434824799e+00,7.317353577186481495e+00,-3.541528900354744103e+00,-1.031961718366148872e+01,-2.256455923188729784e+00
-3.034784117078859644e+00,1.519029155369401529e+00,-1.954248172546254381e+00,3.460564763419595735e+00,-5.022773896126382365e-01,-4.274424581088343000e-01,-6.714611943232414504e+00,3.812485245426438851e+00
1.382427366324605833e+00,-4.849681958922013258e+00,-1.448943432931107500e+00,-3.931235388307994238e-01,5.833517309916008919e+00,-2.134016446849163806e+00,-1.692401330972727491e+00,-3.385750298407703696e+00
-3.385264396487110083e+00,2.534978600708250873e-01,-1.240299499552786422e+01,2.143006710513385649e+00,5.757742431447404385e+00,5.133001244991390877e-01,-7.837810769644928399e+00,7.607751049733447068e+00
1.132708209892190787e+01,-7.878859893853847218e+00,-3.671053176013236996e+00,6.859384485702294754e+00,1.094984658516686693e-01,1.295589214891895047e+00,-4.815603714154357284e+00,3.395027373506460666e+00
-2.148689333870176021e+00,6.769747134067575445e+00,-2.062913175962632906e-01,-6.002272567914692658e+00,9.236911628616308434e+00,2.691608090670959186e+00,-1.117246078137922893e+01,6.546176593543210132e+00
-1.259474554713304073e+01,6.683435520326001189e+00,-2.939556416501219349e+00,2.854068873761623770e+00,-2.370708214898058941e+00,1.197187992307433291e+01,-6.595261848876889488e+00,4.248153121878264216e+00
7.063662111948678657e+00,4.594299408337956692e+00,-5.102805813992598694e+00,-3.055775055573575649e+00,3.529417480413064467e+00,-3.303040570292153255e+00,-4.379858393508937908e+00,2.077309700694231598e+00
2.384422037084458879e+00,7.505011958886248280e+00,6.067273553073157188e+00,9.635555485606117188e+00,7.475358209275090537e+00,-3.249160304988287784e+00,-2.621099571198724831e+00,5.764887954719644103e-01
3.359682455537604362e+00,2.690031388223864450e+00,-6.601009786006870605e+00,2.321594290988659992e+00,-4.063645727554136222e+00,4.481897315308091656e+00,-7.895793526117040884e+00,5.041946555936144492e+00
7.739440035657216832e+00,-3.663018632498575844e+00,-1.451198423918698355e+00,-2.830678602546302436e+00,7.753637885046027023e+00,-4.863324944980798037e+00,-5.869176919218482169e+00,-3.898354539042703237e-01
6.594748555935245449e+00,-6.420291198914581443e+00,-4.338069663299222611e+00,7.711059702431692031e+00,5.281216305757082452e+00,1.057837685960893781e+00,4.663722495984137240e+00,-6.827392617072787218e-01
-5.619678569380386346e-01,-4.460587041116927942e+00,-6.495966682072516818e+00,3.226266989077255065e+00,-1.390169753151826670e+00,7.149709804119292578e+00,4.642296776869664576e+00,5.882755422875906248e+00
1.019169628477820488e+01,4.690802280494252408e+00,2.116370961326734523e+00,2.680621299960010973e-01,5.049535961396419026e+00,-5.806668786316460107e-02,-3.242746537635068815e+00,1.808727745269855802e-03
4.128252303480264729e+00,-1.881728652624706788e+00,-8.717987485157076222e+00,-1.856515717393572018e-01,7.569803358156425688e+00,1.458161016775943963e+01,-8.908207021148113469e-01,8.187273378451811467e+00
1.121262936835680080e+01,-5.802271608373473555e+00,-2.314966204500628066e+00,7.051879393071265767e+00,6.231393245324674091e+00,6.992520047204408229e+00,4.794416109726319597e+00,-3.680250245248300800e+00
-3.588391363365518671e+00,-4.683283129788628152e+00,2.066099983160510689e+00,-1.507044751949458306e+00,9.933176277139573074e+00,1.671538186540940663e+00,-1.562561499573441370e+00,-6.556247327893061083e+00
-2.621684189579272406e+00,5.727608977372450560e+00,1.063035752702891834e+01,1.052312052154778854e+01,6.002866250162290029e+00,7.061046246628849055e+00,1.485560625449632299e+00,6.546556715206748756e+00
-3.989976043833025177e+00,6.873181061299280969e+00,7.662675558410109389e+00,-5.432645693521740426e-01,6.128403382625940310e+00,3.726301150079596169e+00,-1.943141165785955637e+00,2.368914366541493344e+00
-6.185740260784678313e+00,4.508974117501600709e-01,2.030488199276615724e+00,-5.725343499959157256e+00,-2.371712574242106797e+00,9.822622333148101958e+00,-2.484170567386150275e+00,9.424164670326064197e+00
1.629405233732605929e-02,9.509678127303693884e+00,-2.041297508622774703e-01,5.155760926561087309e+00,-1.334338031486504050e+01,1.460258840363495514e+00,-1.047862727264625882e+01,1.403252720558174005e+01
9.259911684340885074e+00,9.023396981132107975e-01,5.139941297668941811e-01,3.135489768825897805e+00,-3.400102487845092725e+00,2.555963954626351509e+00,-7.932892848724526047e+00,1.293167204959757122e+00
-2.304692205688980700e+00,3.136718229379152678e+00,-5.827071870622511085e+00,3.832981676656097569e+00,-2.797481130660261162e+00,3.243133251839147135e+00,-6.090513632721370918e+00,8.364053471232038461e+00
4.466048593820639567e+00,2.513417339205851420e+00,5.910889796461948009e+00,2.746840479922058709e+00,-6.389104166492926673e+00,3.627066159863852057e+00,-2.555645075260406074e+00,-4.065074429234020847e+00
3.706167107820363071e+00,8.960905635621660537e+00,-4.575894870447100971e+00,-5.085130936422999959e+00,-2.698280533931769032e+00,-5.695738943454660586e+00,-9.822021434160413733e+00,7.677989735041671260e+00
6.565643542195759963e+00,-2.892128818827718995e+00,-1.032905555918824980e+01,5.764135315159233386e+00,-3.789216249462375785e+00,-1.388630301150036050e+00,-4.216823799221453228e+00,5.218117613382167619e+00
-1.217528957466302053e+01,-8.884093946347526582e-02,-7.473091623183874432e+00,5.573688474995801556e-01,4.620291166352746615e+00,-5.067397174134425697e+00,3.390874409889792940e+00,-3.870155581307912485e+00
4.745366608127456587e+00,9.231116130598777669e-01,3.905722029887926716e+00,9.909008954160098970e-01,5.493123514072684621e+00,5.405782071527688082e+00,-3.657018928065418617e-01,2.961983994223972072e+00
7.624147058099353558e+00,1.293816378210505880e+00,2.891624592162572505e+00,-2.077302236490560894e+00,7.244456658501809976e-01,-6.803264483155334830e+00,-2.723693537475822435e+00,-5.948405074459865105e+00
5.886797140819461926e-01,6.626755410512635613e+00,2.352705444638067522e+00,-4.181386043360576288e+00,-1.410161772003228453e+00,3.789879072635438106e-02,-4.837533815579998731e+00,2.668102782655712879e+00
-3.886403190319406065e+00,1.881394174138608655e-01,-7.427116816215242778e+00,-3.445932568998311574e+00,1.783959972420443574e-01,-3.279069831855815575e+00,4.271073534090117363e-01,3.026858043980162449e+00
2.829382482129374488e+00,-8.473898158010120696e+00,-9.302152748752165579e+00,5.942856093339591084e+00,2.939027394342239141e+00,-5.555486031690421989e-01,4.793738853273044498e+00,2.202338310046336733e+00
8.200529059702565959e+00,1.131520242188380010e+01,9.094812431199178704e+00,1.070035048395982535e+01,-9.931226364765130654e+00,6.366990775913223821e+00,-1.088845324543657256e+01,-1.116444229264013899e+01
-5.586386190573032984e+00,2.434321479664305787e+00,-3.970436436875808273e-01,-4.845681371436394436e+00,5.031429129567288605e+00,-4.688537441497455660e+00,-2.574820604824227921e+00,-9.286777552661378721e+00
-7.859181900813929644e+00,-1.950259540223045152e+00,-7.804199527386449731e+00,2.392759684842765466e+00,7.379473085367256324e+00,-4.476017561998269834e+00,-1.152694270668539911e+00,2.464182865413563128e+00
-4.222707352718633622e+00,5.072535735260425227e+00,-4.408527883009801585e+00,-4.698013809845694055e+00,2.980732040895074597e+00,-7.663852522046141758e+00,-5.447340320188133411e+00,-2.141546059297942506e+00
6.235072216391150057e+00,4.448974115135781560e+00,2.768856258274856152e+00,-4.052013547733210874e-01,2.731192177431210233e+00,2.156576533010718499e+00,-5.678677302088084744e+00,5.172232827879028605e+00
-1.009930855183178444e+01,4.097184112362582731e+00,1.067187063329582486e+01,-4.500580331672172640e+00,9.127776485454315747e+00,2.467318672292980963e+00,-6.653802574071748133e+00,-3.139834734971200803e+00
4.702058940654763930e+00,1.768296823389922334e+00,-6.422442119851526243e+00,3.006096791205771002e+00,-3.213485577373778490e+00,-6.691264910671668176e-02,2.500615738014147382e+00,5.266430601147688684e+00
6.365813634984022862e+00,1.028754376885319566e+01,5.640183107935396123e+00,-1.741186033976409586e+00,1.289797815588514363e+00,-3.572641450224965709e+00,-5.761080725953242165e+00,5.207787044803639631e+00
5.732158068511383320e+00,-6.511626324676595523e+00,-2.013131996987817196e+00,-1.128144052633035077e+00,4.759364376644086292e+00,4.167235593463171739e+00,-1.650617494934799812e+00,-3.560441489870822540e-01
1.729248495157984733e+00,-2.730485010106699750e+00,-4.592481713716551894e+00,-1.600997494752627981e+00,3.872004879841737246e+00,-6.602625451606461304e+00,-4.014259771738995397e+00,9.278054639754627075e-01
-4.263919944849311250e+00,6.876587812460572824e-01,-7.131052766677795418e+00,2.891125843471748169e+00,4.821667561713324446e+00,1.278400552278760482e+00,1.288199366640752075e-02,6.248977864587786257e+00
1.271962205264060586e+01,5.487488075236678142e+00,4.288051653850306622e+00,1.403388295630876303e+00,6.190264430152708997e+00,-4.807632005894438620e+00,-9.184002971005844174e+00,2.701127883951212283e+00
-7.891122330102527727e+00,1.136148816481739310e+01,-4.155718824292894631e+00,-9.803427388277979659e+00,-8.175703527469913467e+00,-1.106972203441117131e+01,-9.975266153869551289e+00,9.055668393127911386e+00
2.608836291106781946e+00,-8.512137784993807799e+00,-1.166492251147033166e+01,3.922732407426100298e+00,-2.596090695996843500e+00,4.065735613890517186e+00,5.084373717270826099e+00,7.437728454988993931e+00
8.224872215913675788e+00,-1.773939299444124984e-01,-6.548867092694854009e+00,5.541563969309274640e+00,4.056420760223738320e+00,-3.187206379126600098e+00,2.852910110567164814e+00,-5.071392015738100056e+00
-3.653472507469036401e+00,1.057557582522219697e+01,-5.703853046696206519e+00,7.138894676711847076e+00,-4.137445454482032936e+00,-9.481417845316652659e+00,5.121620292823220844e+00,-6.477164033673059595e-01
8.176646097128712043e+00,-4.903593546408231418e+00,5.590806778875783145e-01,4.222212372009396475e+00,1.553668115382277115e+00,-1.213596057272905426e+00,2.528296869048753948e+00,-4.835600078973478766e+00
5.329619790408379743e-02,-1.456538539771588425e+00,-4.866902702424195759e+00,-1.788610238085728277e+00,2.627964988885692410e+00,-3.803535311381174289e-01,-1.711715859216130342e+00,4.935815790313011764e-01
-2.041699660508595748e+00,1.212587665021547689e+00,-1.196129951880915243e+01,4.680987103090711976e+00,8.540001376878263883e+00,-8.213916766775025025e+00,-1.234690958682033379e+00,-5.627468653845250302e+00
-7.447426603476314355e+00,7.748329599586399219e+00,-7.279001527287412898e+00,4.408043434815727579e+00,4.036140862592368705e+00,-9.210175250410799208e+00,2.417239683559291308e-01,-5.178060225468588129e+00
-8.487336505973267720e+00,7.304726194230415359e-01,-1.676924183708896265e+01,-1.390862037796132933e+00,5.001360579428802744e+00,-1.752413147614529709e+00,-6.847533292200672861e+00,1.926749953559642181e+00
-4.376312717769386573e+00,-1.522661166829546220e+00,-5.440108811183364423e+00,-8.435921238757593255e-01,-1.401368236613482754e-01,-2.932175582443631967e+00,2.383723565891184837e-01,4.680022260567522352e-01
9.008419116425546491e+00,2.101283079111921470e+00,1.997807202617597699e+00,-4.672826921840268710e+00,4.016626855514423333e+00,-7.737584705755119252e+00,-6.815856962594462054e+00,-2.805667184509766710e+00
3.208918436605188163e+00,3.711351972664361565e+00,7.748234222553783468e+00,-1.304369972548578227e+00,1.822783194192298062e+00,-7.527923079260489203e+00,-5.089217674894049637e+00,-4.382173252105863170e+00
-6.761989337304276759e+00,9.472182034457224731e+00,8.098064416250950970e+00,-5.583659225134088189e+00,-1.462640963582975795e+00,-7.043684834787629967e+00,-4.914864166952645164e+00,-4.641030196983610523e+00
3.626941298405049086e+00,-2.242898900436234300e-01,-4.609067281000472249e+00,-6.276186921696541354e+00,1.600092466956134496e+00,3.055890314863876966e+00,-5.300939129106508219e+00,-1.587119012033980203e+00
3.982598724434340820e-01,-6.385369012330564864e+00,3.433249097682522954e+00,-2.616975224707294156e+00,4.938491725240925057e+00,2.248563879128792742e+00,-2.807797622826984085e-01,-1.055371891630428394e+01
-2.177997523680248904e+00,-1.358090491590468574e+00,7.315865519143022411e+00,-8.471873097735713287e+00,6.495476923839563987e+00,-7.407123019551355991e-01,-7.217324243524743110e+00,-1.192451787906499128e+01
2.564259079106505634e-01,1.537560096048297353e+00,1.395485934037543174e+00,2.020978113725232284e+00,-8.487230780298167243e-01,-6.672233610651736591e-01,3.680938120801018343e-01,-2.635933865017994648e+00
2.022357943845298767e+00,-8.237627694876733742e+00,-7.255448252899672212e+00,-2.662834971287334263e+00,3.889242134172277598e+00,2.907598038158737630e+00,3.076324828493173236e-01,-3.628646095833970353e+00
-1.265511687112318207e+00,1.820719266171557660e+00,-2.030312061497749454e+00,1.490005597341426347e+00,-2.476289318115537430e+00,-2.266969292501956890e-01,7.959290092012001328e-01,-5.351711763729956051e-01
-2.030878393080160826e+00,2.113698289302039512e+00,-2.181273551878050387e+00,-6.649567748113469179e+00,3.596016345647763401e-01,1.780315196575515069e+00,-4.962564841397706594e+00,1.268730095084330767e+00
-7.175192785711358212e+00,3.707104008243007343e+00,-4.913053130708517457e+00,6.953096371241369589e-01,-5.907332005128314023e+00,4.949479830886124532e+00,7.644321179356123430e+00,-4.703830895855247718e+00
9.494268407189572656e+00,8.080806714791270551e+00,4.664077706050564487e+00,-2.278041640235291432e+00,-2.317787191169375483e+00,-3.564156258128632349e-01,-4.968776218536295808e+00,1.896786876099772812e+00
-1.644389469182961028e+00,-3.067019445632732655e-01,2.947634237668321333e+00,2.881702828499892455e-01,-1.937815609792070903e+00,2.953136172575781426e+00,6.134288727357413151e-01,1.905050513517451805e+00
-4.352701835184761947e+00,6.876524058914210258e+00,7.291953461601254460e+00,1.048674309707008234e+01,-1.373223315153929391e+01,6.261618903710047590e+00,1.546913735669729917e+01,-1.272294286994305956e+01
1.061994120998229363e+01,6.780596931005679728e+00,5.361038694386462744e+00,-9.436735280600361264e-02,-4.198500822219906503e+00,-6.535048513551841687e+00,-2.287842218368772329e+00,-2.619145088801898780e+00
-2.431421181116002472e+00,1.758718411744652599e+00,1.083051735175028396e+00,7.811863744926201836e-01,-3.642735027381888813e+00,-2.169500947872099683e+00,2.313031415222755349e+00,-2.270871572266075944e+00
1.107516059234966876e+00,-2.039086995836451699e+00,-4.339616932406418215e-01,1.291324659038413092e+00,-5.724640458766197426e+00,-1.642838640951512552e+00,6.540223780954388388e+00,-3.399264802583449541e+00
-7.816543779860785079e+00,-1.472691557671241158e+00,-7.457382630968368176e+00,3.117461218475832130e+00,-5.024306403500421681e+00,6.976160824964416030e+00,8.202238034811713874e+00,2.191967458999680929e+00
-1.335945280882207653e+00,4.041426553025872614e+00,-1.474632107780932344e+00,-6.237465897034477624e-01,-6.052717533469913480e-01,-2.912989712245044771e+00,-1.704007263569402353e+00,2.131176896055886338e-02
-1.340711215599596384e+00,7.975334533509983448e-01,-4.242137272502310097e+00,-4.743469479773620101e+00,3.009051156034897367e+00,-6.781762927641219463e-01,-2.807921991390327943e+00,-7.291981488605758788e-01
4.247045797721168192e+00,-5.131144383829644440e+00,1.003825541573078350e+00,-5.097614373558174705e+00,3.643991473403898951e+00,1.852762100742501250e+00,-1.973554094495961531e+00,-6.006834037745800714e+00
9.171588246544817302e-01,-1.504870298748977264e+00,-5.433497268806810609e+00,-1.320724454115188795e+00,5.863107565097853691e-01,-1.404139022501821543e+00,-7.349528418029271926e-01,4.483804113341285369e-01
7.791657211755507184e-01,-2.251096778256733266e+00,-6.291922294865079479e+00,-3.092762289912431406e+00,1.826728507548661451e+00,-1.861453237910922764e+00,3.044347192724208284e-01,1.584387945126197739e-01
-1.187945278947891925e+00,1.990870850911808487e+00,6.844385970907933547e-01,1.309187245575435643e+00,-5.778664135660345202e-01,-1.812088509779212542e+00,1.659360849021009887e+00,-1.201134476630307368e+00
5.851542091111658905e-01,2.912062421909426213e+00,-3.414169008921624116e+00,-5.350207064426777848e+00,-2.535946815797418985e+00,-8.922271771531435913e-01,-2.883530816285748699e-01,-1.631544056428306799e-01
-1.262198505083703681e+00,1.018606105596042477e+00,1.959287472693984622e-01,-1.955994729819876321e+00,3.268646750171451121e-01,-1.967348811505488904e+00,-7.680510105091540307e-01,-1.454639890829282134e+00
-3.626819689643355993e+00,-9.611796365078928428e-01,-1.981420006783438215e+00,-1.411035339346594197e+00,-2.109412766319465060e-01,4.322325215546369837e-01,3.835457178788006516e-01,8.970899266381386905e-01
-9.063420273467411192e+00,7.787140897961318586e+00,-4.523879522133780640e+00,-3.175554946984378457e+00,-2.329623873166565051e+00,-9.789482492797134228e+00,-8.482785839384032300e+00,-4.829548800963794353e-01
8.646799371654349642e+00,6.997547978155271409e+00,9.686304359600944380e+00,-1.068761641728763534e+00,-4.006641649575063191e+00,5.755189568378560327e-01,-6.832706815789979515e+00,-5.372338110238623621e-01
3.940535097973725254e+00,-8.542927076083604021e+00,-9.939592870906928113e+00,3.836661261884787955e+00,5.540837613495271263e+00,8.960443394747144907e+00,-2.239660516133625379e+00,2.862606415596060216e+00
4.129044497251898704e+00,3.880039275088464912e-01,3.044341143654785142e+00,-1.993441247227344171e+00,-1.445568864353410365e-01,-2.630836009790987973e+00,-2.268419158030960503e+00,-2.467684987819948716e+00
2.272809130010323031e+00,-3.611703422226792970e-01,2.884475004373656670e-01,4.246537392303154412e+00,-3.586008344699918915e+00,1.324487639002874362e+00,7.649441147265754193e-01,-8.156354874130513632e-01
-2.887773958180011036e+00,4.596152086263730396e+00,-4.498458001076276247e+00,4.172403382132951144e+00,-3.371262658895036513e+00,2.903795564979450905e+00,5.850511540026395174e-01,1.692648223036447686e+00
-1.008678486633195703e+00,1.679387111808343658e+00,-9.908670477764202289e+00,9.851589925981237172e+00,-4.767668188694904607e+00,-6.061801951637864061e-01,4.619046279163063318e+00,-1.347961301427100134e+00
1.907162110196740867e+00,-3.042899757916130099e+00,2.535641451094175380e+00,-4.850557438694937940e-01,-1.143286734479754152e+00,-7.304082119181545263e-01,-6.132435682304595570e-01,-1.836996467304875980e+00
-1.151989034001340118e+00,-7.029368262204881646e+00,-1.894569774014563723e+00,-4.256496403452986854e+00,3.266928738449914604e+00,2.505513037522620223e+00,-1.129781578442879741e+01,1.049908747901174522e+01
-7.291203754882080723e+00,-2.410912868766541095e+00,-8.540427367732505104e+00,5.367002785273137455e+00,-1.383548010253658589e+00,3.542508343537330795e+00,-7.031014952256642303e-01,6.324906823192212535e+00
7.881306585852217772e+00,-8.322464297064565031e+00,-3.504075939590104660e+00,-8.369257517855415163e-01,5.129291420974603000e+00,-5.167697052729721463e+00,-3.351501114681316729e+00,-1.893382403020182014e+00
4.594324424725092726e+00,9.027590520563033571e-01,-7.538991054554623261e+00,5.060973285067030147e+00,-1.996990972000517450e+00,-5.733576519801746318e-01,2.205582501175137988e+00,-1.802823703828956514e+00
1.867437247750862062e+00,2.180534978228858112e+00,-7.133457232640019186e+00,-6.816460256785791927e+00,6.109500225392816120e+00,-6.056377277951245475e+00,-9.833320324961333014e+00,8.687375434505229421e+00
7.913118058388358911e+00,-3.410902218080628323e+00,6.681471007675536811e-01,6.778608251973805565e+00,7.575743690014223652e+00,-2.615721459415410344e+00,-8.250537129068794329e+00,-1.316800507738455828e+01
9.666974288749894395e-01,-5.946000006788294545e-01,1.532957827458168110e+00,-4.160195607039362642e+00,-3.688382207012552705e-02,2.352626456068634297e+00,-2.951720502489497910e+00,-4.288994229235643108e-01
2.099868389247218303e+00,-3.128849873394611070e+00,-2.550423155945479081e+00,-6.037838506597790200e-01,1.349542916288718919e+00,3.421977553010734141e+00,-2.316825726219036152e-01,-8.180861067949656285e-01
-2.273990520229067780e-01,-2.008657456994654478e+00,1.219090441854216778e+00,9.059562645940537617e-01,1.825762866921048388e+00,-1.457127121470943143e+00,-1.951782680860817631e+00,2.832417659823481593e+00
6.213112151340076661e-01,-4.834937054020501002e+00,-1.977478936171399582e+00,-3.281737488357888921e+00,6.030465838724829997e-01,3.165167371805409413e+00,7.527143224836942981e-01,-3.580781529970144206e+00
-1.302359285123885435e+00,-6.329155446181430555e+00,-4.899318662210507824e+00,2.786112143672532238e-01,4.980801990282825997e+00,2.169413826730093753e+00,-5.666444750998533841e-01,-8.184294618556913203e-01
1.858839832197843434e+00,-6.849661238762196014e+00,-1.640777921078233836e+00,2.040073835214152975e+00,-4.749510184879342845e+00,2.785975208750061327e+00,-5.771718710778819261e-01,-3.603957424290941347e+00
-7.462107451311173811e+00,-7.383376917011598373e+00,-3.323972479863332552e+00,-1.037686406629236480e+01,7.022160259034793128e+00,7.530324914490831745e+00,-8.159129767635427299e+00,-1.914883506513333389e+00
1.301692420180327270e+00,2.562756784966520485e+00,-1.368326554709755616e-01,2.596077720152509816e-01,-8.515324102897279257e-01,-1.940651167270112554e+00,5.131256645473776246e-01,-2.312704569796644627e+00
3.320794930867157824e+00,-8.415341284191708127e+00,-7.742960981405404564e-01,-1.466979663207558904e+00,3.426077566575759903e+00,3.771818551881616521e+00,1.100773040097105415e+00,-5.535963901736082882e+00
-8.128502359754248285e-01,8.148798645851266897e+00,3.773369758729914203e-01,-2.098282017688109846e+00,8.397608465255623766e-01,-6.435434324078478596e+00,-5.306396254608125140e+00,3.328200632214342036e-01
-1.611574752893438101e+00,-6.501510775301174938e+00,-5.813901544892557283e+00,-6.382496232401568825e-02,5.468827600167333713e+00,-9.404174300265417674e-01,-1.950349129379728153e+00,4.468879622410408814e-01
2.853185547690926693e+00,-2.136927329517657181e+00,5.009743148118142031e-01,5.790672393884910285e-02,2.502533089465747373e+00,-2.867692753716218235e+00,-3.331746177999172609e+00,-3.925804139213772359e+00
-6.722309517512026211e-02,2.039799587263769531e+00,-1.221690542364323617e+00,6.372646582265186765e+00,-1.616710858263995299e+00,-4.798900127763795709e+00,3.997087162956753925e+00,-3.776720165636898052e+00
5.188485243964087168e-01,2.090771305582539430e+00,-2.632462997203115052e+00,-1.861985624188060795e+00,1.665135852334181932e+00,-2.795827836081238527e+00,-3.531737168947809202e+00,1.867567946838288861e-02
1.159009055419574441e+00,3.121329532629284476e+00,8.412066904551795954e-01,2.314595658130590650e+00,-1.836042557469572456e+00,-7.625922606835011663e-01,-1.819552055390547318e+00,-1.976942221238384034e+00
-4.467376762591916517e+00,2.336572368708573322e+00,-5.533627669958899986e+00,-9.307032006648579880e+00,2.646086981220754808e+00,6.154875521323093679e+00,-8.810311352469078372e+00,1.728757894380831939e+00
1.930424559997216738e+00,5.866115306072644309e+00,-4.784633142637615855e+00,1.400623016417658295e+00,-3.194428734620076149e+00,-4.051261568304637350e+00,-2.522764337795216250e+00,4.711406552936114878e+00
1.082861659696228163e+00,9.658075832810266714e-01,3.244087084888017891e+00,-5.317183088080537079e-01,4.585449420158425937e+00,-1.695969881069585128e+00,-3.666160282053102293e+00,8.230694148471853211e-01
7.725402820994945685e+00,-3.059139735887073108e-02,4.171108700391797264e+00,-3.098706387259607453e+00,6.092800016537437635e+00,-1.908631393612609806e+00,-6.907568285992923052e+00,-5.157824184300830339e+00
1.499601294391737838e+00,3.450317106192566374e+00,5.825131483990653614e+00,-5.622039344909922853e+00,5.347924168475794104e+00,-1.422198778023517463e+00,-9.820525351471184550e+00,-5.494711189485335101e-01
5.708984758305802210e+00,-6.794290000688636866e+00,-2.617256274884956824e+00,-3.437435746730191699e+00,2.894160203835542511e+00,6.017702955728107206e+00,5.139757455161382271e-01,-4.779537862604716025e+00
-1.228369789037325610e+01,4.126117888138043810e+00,5.504082917555051857e+00,-8.598897599221222876e+00,5.773572064731011810e-01,1.528622044597286678e+00,-3.273207866016105250e+00,-1.341642368076625935e+01
