0,13.15,3.25,0.01
0,12.65,3.39,0.01
0.06,11.45,2.84,0.01
0.28,9.02,3.06,0.01
0,9.99,2.94,0.01
0,11.23,3.27,0.01
0,11.41,3.38,0.01
0,9.37,2.73,0.01
0,8.53,2.99,0.01
0,10.55,3.5,0.01
0.06,11.18,2.74,0.01
0,10.61,2.2,0
0,11.23,3.41,0
0,11.52,3.59,0
0.36,11.4,3.71,0
2.07,10.18,2.3,0
0,10.12,2.37,0
0,11.91,3.41,0
0.62,11.32,3.42,0
0,12.56,3.23,0
0.03,13.89,3.82,0
8.93,11.65,2.76,0
3.16,7.74,2.89,0.01
0,5.39,3.52,0.01
0,4.92,3.79,0.01
1.17,6.6,2.79,0.01
29.35,7.76,1.15,0.02
7.59,6.92,2.87,0.21
6.19,5.26,2.93,0.28
1.29,3.85,2.96,0.12
0,3.31,3.05,0.06
0,5.67,3.13,0.04
0,7.77,3.18,0.02
0,8.01,3.22,0.02
0,7.18,3.05,0.02
0,7.78,3.2,0.01
0,6.92,3.03,0.01
0,8.32,3.27,0.01
9.64,7.34,0.55,0.01
2.27,7.98,1.05,0.03
1.44,8.43,2.77,0.02
0.24,9.8,1.6,0.01
0,10.39,3.12,0.01
3.5,11.99,1.8,0.01
0.59,12.94,2.8,0.01
0,11.04,4.36,0.01
0,12.6,4.41,0.01
0.03,12.53,4.37,0.01
0,13.39,5.05,0.01
0.01,14.64,3.86,0.01
0,9.02,6.81,0.01
0,11.59,5.06,0.01
0,14.03,5.39,0
0.01,12.15,6.09,0
0.12,7.15,5,0
5.59,4.26,2.64,0.01
0.67,4.75,3.51,0.01
0.12,7.15,4.96,0.01
9.22,5.44,1.35,0.01
15.15,6.2,1.17,0.08
1.48,7.48,2.52,0.07
0.06,8.54,3.09,0.03
18.76,6.83,1.75,0.03
7.62,6.04,3.34,0.34
0.03,7.86,3.67,0.12
0.12,9,3.94,0.06
0,9.93,4.5,0.03
0,11.45,4.91,0.02
0,11.29,5.44,0.02
0.23,12.53,5.14,0.01
0.54,10.9,5.34,0.01
5.48,6.02,2.98,0.01
0.01,7.82,3.52,0.02
4.94,9.9,4.34,0.01
0.25,9.52,6.63,0.01
0,10.36,5.55,0.01
8.74,10.91,5.86,0.01
11.87,8.55,2.81,0.62
4.9,6.29,3.69,0.14
6.17,9.09,2.64,0.31
2.53,10.33,2.65,0.32
0,10.52,5.57,0.1
0,11.83,5.53,0.05
5.95,11.27,3.76,0.02
3.67,6.51,5.24,0.02
0,8.12,6.44,0.01
0,10.77,5.97,0.01
0.13,9.99,5.36,0.01
0,8.08,7.2,0
0,10.42,5.6,0
2.61,7.99,4.77,0
1.25,7.22,5.64,0.01
0,8.93,6.56,0.01
0,11.63,7.2,0
0,15.43,7.42,0
0,14.25,7.43,0
0,12.84,8.08,0
0,12.74,8.43,0
0,13.52,8.16,0
0,12.75,8.53,0
0,11.49,9.45,0
0,12.5,9.5,0
0,14.92,9.03,0
0,17.36,9.19,0
0,17.33,9.79,0
0,17.26,9.61,0
0,16.58,7.53,0
1.94,11.18,6.3,0
8.21,7.52,2.26,0
0.03,10.58,7.59,0
0,14.92,8.6,0
0,19.19,8.51,0
0,21.56,9.7,0
0.01,19.08,9.59,0
0.09,15.73,9.74,0
0,11.71,10.14,0
0,15.52,11.41,0
0,20.47,10.44,0
0,25.45,10.56,0
0,25.47,10.9,0
0,22.82,12.9,0
0,16.35,12.99,0
0,15.05,11.34,0
0,15.39,12.12,0
0,14.73,11.49,0
0,15.59,12.65,0
0,16.64,11.9,0
0,18.92,12.59,0
0,21.39,11.22,0
0,21.8,11.32,0
0,21.93,12.03,0
0,20.62,10.69,0
0,19.55,11.32,0
0,16.39,11.47,0
0,13.13,10.5,0
0,13.11,12.63,0
0,17.51,10.39,0
1.21,15.42,8.32,0
1.04,11.72,8.56,0
0,13.04,9.48,0
0,15.25,10.01,0
0,18.15,11.09,0
0,20.64,11.47,0
0,21.75,11.56,0
1.35,20.19,8.78,0
13.24,18.06,8.14,0
0.25,19.7,10.03,0
0,22.6,10.96,0
0,22.96,12.16,0
0,21.91,12.71,0
0,22.45,11.84,0
0,23.31,12.34,0
0,20.93,13.84,0
0,23.1,13.72,0
0,26.63,13.89,0
0,29.35,12.87,0
0,27.33,15,0
0,25.11,15.75,0
0,25.03,13.75,0
0,23.35,13.92,0
0,23,14.25,0
0,21.68,13.77,0
0,17.59,14.09,0
0,17.42,16.02,0
0,19.57,15.12,0
0,23.9,11.99,0
0,27.22,12.93,0
0,26.16,14.6,0
0,26.63,14.49,0
0,28.44,12.78,0
0,29.53,13.11,0
0,30.11,12.76,0
0,30.64,13.37,0
0,29.85,14.32,0
0,28.43,13.81,0
0,28.25,12.98,0
0,29.2,12.9,0
0,27.63,13.38,0
0,26.35,13.67,0
0,26.73,12.71,0
0.01,27.36,12.28,0
0,26.13,13.26,0
0,25.05,13.29,0
0,27.41,12.86,0
0,29.16,13.37,0
0.09,28.32,14.59,0
0,27.33,13.87,0
0,25.52,14.77,0
0,26.25,12.47,0
0,26.68,13,0
0,25.6,13.56,0
0,24.44,13.81,0
0,23.82,13.89,0
0,25.3,13.46,0
0,27.74,12.42,0
0,28.67,12.81,0
0,27.51,12.86,0
0,25.29,12.75,0
0,25.7,12.18,0
0,27.14,11.76,0
0,28.26,12.04,0
0,29.01,12.08,0
0,28.56,12.54,0
0,27.19,12.26,0
0,27.34,12.2,0
0,26.64,12.2,0
0,25.56,12.37,0
0,26.58,11.76,0
0,27.01,11.54,0
0,26.4,12.23,0
0,24.56,12.3,0
0,24.48,11.39,0
0,24.33,11.46,0
0,23.7,12.7,0
0,22.84,12.35,0
0,23.98,11.84,0
0,25.73,11.2,0
0,28.61,11.55,0
0,30.73,12.01,0
0,31.41,12.4,0
0,29.84,12.13,0
0,28.39,12.72,0
0,26.29,11.55,0
0,25.71,11.45,0
0,24.56,11.75,0
0,25.22,10.87,0
0,26.39,10.73,0
0,27.5,11.6,0
0.01,27.23,11.58,0
0,24.6,11.23,0
0,22.43,10.58,0
0,22.5,11.61,0
0,23.28,11.37,0
0,24.79,10.23,0
0,23.53,10.3,0
0,23.03,10.84,0
0,24.62,11.01,0
0,26.77,11.3,0
0,27.66,10.94,0
0,29.28,11.1,0
0,28.01,11.12,0
0,25.12,12.06,0
0,24.88,10.06,0
0,25.08,10.93,0
0,23.24,11.17,0
0,22.44,10.45,0
0,23.73,9.38,0
0,24.16,9.68,0
0,23.76,9.78,0
0,24.31,9.29,0
0,25.02,9.6,0
0,24.91,9.8,0
0,25.28,9.57,0
0,25.53,9.48,0
0,25.01,9.79,0
0.07,24.41,9.36,0
0,24.19,9.23,0
0,24.85,9.33,0
0,24.84,9.61,0
0,24.98,9.27,0
0,25.67,9.45,0
0,24.13,9.73,0
0,23.7,8.84,0
0,21.92,11.04,0
0,20.99,10.04,0
0,19.98,7.99,0
0,18.73,8.93,0
0,17.86,7.61,0
0,19.64,8.07,0
0,20.17,7.49,0
0.01,18.34,7.17,0
0,17.57,9.48,0
0,19.13,8.21,0
0.48,19.31,5.74,0
0.17,18.5,7.93,0
2.3,15.05,5.9,0
0,13.52,6.67,0
0,15.14,6.62,0
0,18.39,7.39,0
1.01,14.95,5.25,0
0,13.94,6.94,0
0,15.46,6.26,0
3.24,13.12,4.84,0
0.01,10.32,6.54,0
2.22,9.16,5.1,0
0.12,9.39,4.73,0
0.09,10.03,5.04,0
0,11.31,5.41,0
0,12.48,5.8,0
0,14.99,5.73,0
0,17.99,6.01,0
0,19.13,6.09,0
0,18.58,5.92,0
0,18.48,5.78,0
0,18.6,6.17,0
0,18.45,5.89,0
0,17.42,6.11,0
0,17.57,5.77,0
0,13,4.75,0
0.82,13.31,4.74,0
6.25,12.43,4.66,0
1.1,9.62,4.79,0
0,9.27,4.78,0
0,13.95,4.91,0
0,16.61,5.01,0
0,18.23,5.15,0
0,16.48,4.92,0
0,14.9,4.41,0
0.32,12.85,3.8,0
0.08,12.74,3.88,0
0,12.83,4.31,0
0,14,3.51,0
0,15.62,5,0
0.02,13.73,3.9,0
0,13.86,3.57,0
11.69,13.42,2.61,0
21.12,13.01,1.41,0
3.58,12.85,2.52,0
0.13,12.74,2.21,0
0.1,14.02,3.44,0
3.33,12.12,3.92,0
0,8.8,3.83,0
0,10.01,3.36,0
0,11,2.6,0
0.03,11.97,2.3,0
0.12,12.88,1.72,0
0.01,13.01,2.8,0
1.43,10.19,2.66,0
0.18,6.15,2.24,0
4.09,4.63,0.94,0
5.27,4.8,1.45,0
0.12,5.22,1.96,0
0,5.08,2.31,0
0,5.36,2.66,0
0,7.46,2.68,0
0,8.25,2.16,0
0.01,8.92,2.28,0
0,11.34,2.14,0
0,11.92,2.56,0
0,11.24,2.72,0
0,10.09,1.95,0
0,11.88,2.74,0
1.82,11.5,2.67,0
0.83,9.04,2.31,0
0,7.34,2.74,0
0.74,7.97,2.18,0
0.01,9.66,1.44,0
0.01,10.96,2,0
0.01,10.64,2.11,0
0,9.35,2.65,0
0,11.36,2.59,0
1.35,11.28,1.42,0
0.5,12.04,2.83,0
2.34,11.13,1.25,0
0.11,7.67,3.02,0
0,5.55,3.37,0
0,4.05,2.42,0
0.08,5.22,2.38,0
0,7.12,1.94,0
0.22,7.91,1.61,0
0.16,7.92,2.97,0
0,5.49,2.82,0
10.1,6.52,0.52,0
1.03,9.17,1.12,0
3.66,6.85,1.67,0
2.22,5.28,3.16,0
0.61,2.47,3.15,0
0.02,1.75,2.17,0
27.78,5.08,0.59,0
2.72,7.35,2.14,0.07
0,2.15,3.13,0.04
0,1.54,2.12,0.01
0,4.33,2.11,0.01
0,7.14,2.26,0
0,8.73,2.19,0
0,7.7,2.32,0
0,5.6,2.54,0
0,6.43,2.26,0
0,7.33,2.36,0
0,6.68,2.47,0
0,7.92,2.62,0
0,7.54,2.79,0
0.1,5.38,2.58,0
4.34,2.29,2.33,0
6.17,2.55,1.03,0.02
1.12,1.41,2.6,0.05
0,1,2.26,0.02
0.09,4.03,1.7,0.01
0.01,7.47,2.56,0.01
0.02,10.92,3.39,0.01
1.73,7.38,0.45,0.01
0.01,4.88,3,0.01
5.74,4.17,1.96,0.02
0,4.97,3.71,0.02
0,6.25,2.85,0.01
0,7.3,3.37,0.01
0,7.03,3.87,0.01
0,7.54,3.16,0.01
0,8.14,3.02,0.01
0,6.34,3.02,0.01
0,5.63,3.25,0.01
0,6.26,3.69,0.01
0,6.48,2.89,0.01
0.87,5.98,2.6,0.01
0.32,5.19,2.33,0.01
1.36,5.45,1.85,0.01
0,5.66,3.3,0.01
0.02,9.03,3.41,0.01
6.74,10.01,1.33,0.01
5.97,12.16,2.58,0.01
17.58,12.06,0.79,0.01
3.98,12.73,2.72,0.01
0.01,10.39,4.45,0.01
0,10.22,4.24,0.01
0,13.05,3.97,0.01
0,15.04,3.97,0.01
0,15.99,4.52,0.01
0.02,11.2,4.27,0.01
0,8.22,6.02,0.01
0,8.66,4.87,0.01
0,9.58,4.22,0.01
0.04,8.39,4.03,0
0.01,10.14,3.96,0
0,12.11,4.17,0
6.81,9.5,1.3,0.01
2.45,8.05,3.36,0.05
0,6.54,4.46,0.03
0,7.37,5.21,0.02
0,7.67,5.12,0.01
0,10.36,5.46,0.01
2.72,10.24,3.78,0.01
0.01,11.58,4.51,0.01
2.01,11.55,4.41,0.01
12.25,11.98,3.06,0.01
17.35,10.29,1.63,0.02
0.14,10.6,4.18,0.02
0.05,11.37,5.09,0.01
9.63,6.81,1.58,0.01
0,5.65,5.19,0.02
9.4,3.94,3.12,0.02
5.54,4.29,2.43,0.12
3.67,3.86,3.62,0.12
0.69,4.59,4.07,0.07
0,5.43,5.12,0.06
0,6.69,4.94,0.06
0,8.61,5.32,0.04
0,11.09,5.63,0.03
0.07,12.24,6.3,0.03
5.39,9.27,5.32,0.02
2.21,8.42,2.39,0.03
0.5,9.57,3.64,0.02
6.3,5.73,3.82,0.02
9.11,3.68,2.67,0.09
1.06,5.74,4.22,0.1
28.34,7.29,2.2,0.75
9.51,4.23,3.25,0.99
0.01,5.27,4.23,0.38
1.3,8.17,3.69,0.28
0.21,6.96,4.32,0.2
0,6.59,4.86,0.15
4.25,4.59,3.83,0.15
0,5.07,5.65,0.14
0,7.74,5.25,0.12
2.88,9.54,3.29,0.11
29.79,11.37,0.7,0.19
20.06,11.43,3.78,3.51
0.06,9.7,5,0.72
0.02,10.12,5.65,0.43
0.34,10.52,5.67,0.33
0,8.57,6.9,0.25
0,9.56,7.36,0.16
0,11.37,7.34,0.14
0,13.11,8.67,0.12
0,13.63,8.08,0.11
0,16.47,7.96,0.09
0,16.27,8.99,0.07
0,16.5,8.38,0.07
0,16.54,9.06,0.06
0,15.58,8.6,0.05
0,15.78,8.47,0.05
0,15.45,8.61,0.05
0,16.15,9.47,0.05
0,16.45,10.16,0.05
0,16.91,9.51,0.04
0,17.39,9,0.04
0,16.53,8.85,0.04
0,18.09,9.65,0.04
0.01,19.59,9.55,0.04
0.01,18.99,9.93,0.03
0,18.99,9.89,0.03
0,19.96,10.72,0.03
0,20.16,10.73,0.03
0,14.05,10.14,0.03
0.03,11.56,7.99,0.03
1.15,10.88,8.49,0.05
0.44,12.6,9.67,0.04
0,15.47,10.19,0.03
0,16.89,9.4,0.03
0,16.46,11.11,0.03
0,17.76,11.45,0.03
0,20.65,11.47,0.03
0,18.67,11.69,0.02
0,15.35,11.52,0.03
0,19,10.72,0.03
0,21.25,10.73,0.02
0,20.43,11,0.02
0,21.23,11.49,0.02
0,24.84,11.46,0.01
0,26.59,11.45,0.01
0,23.78,11.85,0.01
0,20.5,11.14,0.01
0.04,16.88,10.73,0.01
0,17.19,10.5,0.01
0,17,11.42,0.01
0,16.71,10.82,0.01
0,16.54,10.55,0.01
0,16.15,11.58,0.01
0,15.3,11.69,0.01
0,16.45,11.61,0.01
0,14.38,11.44,0
0,14.93,11.41,0
0,16.15,11,0
0,16.12,11.07,0
0,18.97,11,0
0,21.8,11.01,0
0,22.07,12.41,0
0,21.06,11.7,0
0,19.45,12.5,0
0,18.64,11.84,0
0,21.95,11.5,0
0,25.23,11.9,0
0,26.33,12.53,0
0,25.07,12.6,0
0,21.98,12.19,0
0,22.27,11.44,0
0,22.88,11.36,0
0,23.12,10.93,0
0,22.75,11.26,0
0,23.1,11.42,0
0.04,21.9,10.53,0
0,21.31,11.25,0
0,22.58,11.97,0
0,22.94,11.48,0
0.91,19.04,9.64,0
9.16,13.64,5.64,0
6.67,14.28,5,0
0.02,17.58,8.65,0
0,20.11,9.4,0
0,19.66,9.81,0
0,18.98,11.34,0
0,19.54,11.26,0
0,22.01,10.73,0
0,22.23,11.42,0
0,22.74,12.35,0
0,23.65,12.56,0
0,24.55,12.46,0
0,25.7,12.66,0
0,26.3,12.23,0
0,27.43,12.32,0
0,26.97,12.62,0
0,25.44,12.26,0
0,23.22,12.61,0
0,22.47,12.09,0
0,24.29,11.5,0
0,26.15,11.73,0
0,26.87,12.21,0
0,27.15,12.44,0
0,27.31,12.39,0
0,26.99,11.76,0
0,26.6,12.42,0
0,25.69,11.81,0
0,26.34,11.8,0
0,27.29,11.95,0
0,28.26,13.19,0
0,29.45,13.76,0
0,29.67,12.8,0
0,28.94,13.52,0
0,25.91,14.3,0
0,22.67,12.51,0
0,22.07,12.03,0
0,22.72,12,0
0,24.3,12.11,0
0,27.23,11.57,0
0.87,28.51,11.53,0
0,27.77,11.68,0
0,25.8,12.21,0
0,23.97,12.53,0
0,22.65,11.14,0
0,23.44,10.36,0
0,21.96,11.21,0
0,21.26,10.74,0
0,22.82,10.37,0
0,24.7,11.12,0
0,25.68,11.57,0
0,25.49,11.25,0
0,25.99,10.93,0
0,27.29,11.23,0
0,28.75,11.5,0
0,29.53,11.83,0
0,28.56,12.6,0
0,27.02,11.53,0
0,26.31,11.21,0
0,24.6,10.47,0
0,24.51,9.74,0
0.52,24.63,10.16,0
0.02,23.31,11.18,0
0,22.91,10.32,0
0,24.4,10.14,0
0,25.63,9.71,0
0,26.67,11.21,0
0,25.82,12.18,0
0,24.42,11.48,0
0,25.32,9.61,0
0,26.47,9.3,0
0,26.23,9.98,0
0,25.98,10.03,0
0,24.61,10.12,0
0,21.87,9.88,0
0,21.51,10.43,0
0,22.11,9.21,0
0,20.03,8.88,0
0.01,18.66,8.15,0
1.63,14.94,4.78,0
1.92,14.99,5.83,0
1.95,14.85,5.21,0
0.42,16.47,5.48,0
0.01,17.08,7.15,0
0,17.71,8.16,0
0,20.67,7.82,0
0,23.06,8.21,0
0.72,22.79,8.27,0
14.86,18.67,3.5,0
18.75,18.16,1.06,0
1.29,14.21,7.7,0
0.06,13.15,7.16,0
0,13.93,5.83,0
0,12.36,8.1,0
0,12.71,6.37,0
0,14.45,6.13,0
0,16.92,6.31,0
0,17.56,6.44,0
0,14.56,7.52,0
0,14.69,6.57,0
0,16.39,6.72,0
0,12.97,9,0
0,14.08,7.3,0
0,17.42,6.48,0
0,18.47,6.47,0
0,18.31,6.29,0
0,19.28,6.98,0
0,19.54,6.85,0
0,19.85,6.65,0
0,19.65,6.49,0
0,18.76,6.63,0
0,16.34,6.76,0
0,16.52,6.16,0
0.94,17.04,6.03,0
0.01,16.46,5.35,0
0.07,17.74,5.43,0
0.08,20.47,6.53,0
1.56,19.96,6.52,0
0.41,17.42,4.47,0
3.95,15.57,3.9,0
5.59,11.76,5.7,0
0,9.78,5.07,0
0,11.16,4.37,0
0,14.38,5,0
12.88,11.73,1.84,0
0.03,12.31,3.53,0
0,12.74,4.18,0
0,13.5,4.42,0
0,15.41,4.89,0
0,13.52,4.21,0
0,12.96,4.41,0
0,12.78,4.06,0
0.01,10.07,3.49,0
2.32,6.5,3.25,0
11.96,4.49,1.19,0
4.09,5.76,2.55,0
0,5.4,2.83,0
0.03,7.53,2.76,0
0,7.82,3.29,0
0,9.74,3.09,0
0,8.9,2.67,0
0,9.71,3.34,0
0,8.98,2.28,0
16.39,9.72,0.54,0
1.14,7.55,2.42,0.02
0,5.84,2.88,0.01
0,6.14,2.47,0.01
3.62,7.75,1.16,0.01
0.94,9.11,1.6,0.01
0,8.26,2.36,0.01
0,8.46,2.63,0.01
0,9.64,2.02,0.01
2.46,8.52,1.82,0.01
3.87,9.49,1.14,0.01
11.18,8.86,1.05,0.03
9.77,6.77,2.94,0.55
0.51,4.85,3.46,0.3
0,5.17,1.54,0.11
0,8.42,1.84,0.04
0,7.68,2.07,0.03
0.01,8.67,1.67,0.03
0.1,8.41,1.3,0.02
0.05,5.23,3.3,0.02
0,4.84,3.27,0.02
0,7.69,2.56,0.02
0,8.74,2.18,0.02
0,8.65,2.12,0.02
0.01,8.42,2.21,0.02
0.07,6.24,2.43,0.01
0,5.19,1.82,0.01
0.39,7.24,1.55,0.01
0,7.18,2.17,0.01
0.27,9.03,1.2,0.01
0,6.64,2.45,0.01
0,8.89,2.45,0.01
0.63,8.18,1.73,0.01
10.6,7.75,0.71,0.01
21.27,8.73,1.04,4.84
1.36,4.29,3.4,4.76
0,2.96,4.78,0.14
0,2.97,2.1,0.09
0,5.76,2.11,0.07
0,6.83,2,0.06
0.22,6.97,1.87,0.05
0.03,5.79,1.83,0.05
0,3.31,2.19,0.05
0,4.76,1.96,0.04
0,5.09,2.14,0.04
0,4.92,1.51,0.04
0,5.3,1.65,0.04
0,6.3,1.99,0.04
0,10.24,2.23,0.03
0,10.35,2.29,0.03
0,8.46,2.27,0.03
0,8.93,2.23,0.03
0,6.59,3.13,0.03
0,8.93,2.82,0.03
0,10.92,2.68,0.03
0,13.47,2.89,0.03
0,12.63,2.77,0.02
0,11.68,2.87,0.02
0.7,12.47,3.1,0.02
7.83,8.06,1.64,0.02
0.01,6.65,1.75,0.02
10.86,6.89,1.02,0.04
1.23,4.38,2.66,0.34
0.04,2.62,2.39,0.14
2.12,4.01,1.32,0.12
21.01,7.76,0.38,2.76
4.32,10.36,2.23,2.02
13.44,9.38,2.66,3.85
0,7.9,2.47,1.98
23.36,9.48,2.04,1.74
10.56,7.78,2.2,7.57
14.2,6.71,2.36,2.72
15.93,5.05,2.04,2.09
0,5.52,2.27,1.62
0,6.07,2.5,1.04
0,6.95,2.57,0.76
12.24,5.18,1.05,0.6
1.12,5.37,2.44,0.51
1.81,5.62,2.28,0.46
12.55,4.98,0.79,0.42
14.63,6.71,0.29,0.89
6.3,9.52,1.42,1.79
2.92,8.15,2.57,2.97
0.1,8.67,2.49,1.74
0,9.93,3.19,1.46
0,11.06,3.51,1.3
28.64,9.56,0.28,1.17
0.52,7.67,3.33,1.94
0,8.31,3.42,1.44
1.5,10.64,4.26,1.09
0,10.43,3.31,0.93
0,11.81,3.51,0.76
3.23,8.94,4.33,0.81
0,8.03,4.24,0.76
0,10.79,3.59,0.71
0,12.39,3.23,0.66
0,11.74,3.43,0.61
1.38,10.07,3.37,0.58
1.32,8.04,3.49,0.57
12.2,5.53,1,1.56
2.31,9.29,3.39,3.28
9.23,8.87,2.52,2.87
23.5,9.3,1.66,3.66
47,9.32,2.8,12.43
5.75,8.81,3.63,19.24
4.33,7.98,2.54,4.74
2.67,8.4,3.16,3.16
2.82,8.26,1.51,2.07
1.96,10.08,4.02,1.46
2.74,10.99,3.39,0.89
0,13.11,4.03,0.54
0,13.9,3.83,0.48
3.85,12.46,4.47,0.45
0.58,10.85,4.49,0.46
2.41,11.54,4.33,0.43
4.53,10.82,1.54,0.59
0.2,8.03,5.61,0.86
0,7.84,5.43,0.71
6.85,7.92,3.8,0.62
3.11,7.09,4.07,0.77
8.04,5.88,3.08,1.02
0.02,7.27,3.24,0.66
8.01,6.45,2.75,0.51
5.72,6.74,3.68,0.67
11.91,6.03,1.68,0.53
12.98,5.97,3.23,1.48
2.89,5.59,3.57,1.43
1.17,6.66,5,1.06
0.83,7.33,4.58,0.96
3.28,7.67,1.44,0.92
0.01,8.41,5.83,0.9
0,10.13,5.11,0.8
0.04,13.88,5.68,0.73
0.02,11.88,6.85,0.67
0.03,12.04,6.18,0.63
0,9.93,6.61,0.6
0,7.22,9.38,0.57
0,7.77,7.96,0.53
1.07,7.56,6,0.49
0.06,8.65,6.39,0.45
0,10.24,6.88,0.41
0,11.96,6.64,0.38
0,9.03,6.03,0.36
0.57,6.77,4.33,0.35
4.75,4.86,5.32,0.36
4.57,4.72,5.2,0.48
0.71,6.66,6.32,0.45
0,8.31,6.39,0.45
0,10.96,6.9,0.43
0,14.01,8.44,0.41
1.39,11.39,6.12,0.39
8.46,10.38,4.1,0.53
13.24,11.47,5.31,0.64
15.32,10.34,4.75,0.79
1.31,10.92,4.8,0.74
0.02,10.86,6.26,0.58
2.6,8.72,4.44,0.48
0.74,8.9,5.55,0.5
0.81,9.04,6.76,0.44
0.23,9.35,6.18,0.4
12.03,9.3,3.05,0.39
20.07,10.73,3.85,0.99
5.7,9.4,5.19,0.67
3.36,8.45,4.95,0.78
1.94,9.29,5.43,0.61
0,10.74,6.96,0.52
0,12.51,7.15,0.48
0.12,10.41,7.07,0.47
2.38,8.43,4.32,0.48
0,10.05,7.83,0.51
0,12.37,7.82,0.47
0,11.73,8.91,0.44
0,11.07,10.19,0.43
0,9.77,9.22,0.42
0,12.54,9.57,0.42
0.25,12.83,7.44,0.43
0.42,13.86,8.81,0.42
0,16.38,9.43,0.41
0,16.09,10.08,0.4
0,15.67,11.92,0.39
0,17.47,10.42,0.38
0,19.76,9.84,0.37
0,21.22,10.31,0.37
0,23,10.33,0.36
0,23.26,10.75,0.34
0,23.5,11.42,0.33
0,23.74,11.72,0.33
0,23.96,12.22,0.35
0,24.3,12.03,0.33
0,26,11.48,0.32
0,26.53,11.82,0.31
0,25.19,11.61,0.29
0,22.21,11.69,0.28
0,21.15,12.35,0.28
0,16.9,11.52,0.27
0.15,15.02,9.68,0.27
0,15.22,9.25,0.28
0.04,17.63,9.82,0.27
0.01,20.42,10.8,0.27
0,23.53,11.2,0.26
0,25.66,11.06,0.23
1.6,23.81,11.65,0.22
0.13,21.27,10.97,0.2
0,21.92,12.16,0.2
0,22.01,12.54,0.19
0,17.57,12.07,0.17
0,19.21,12.27,0.18
0,22.85,11.63,0.17
0,25.28,12.77,0.15
0,23.41,13.1,0.15
0,25.76,11.85,0.14
0,24.98,12.74,0.14
0,20.86,13.57,0.13
0,21.35,12.96,0.13
0,21.83,12.03,0.13
0,21.12,11.79,0.12
0,22.57,12.01,0.12
0,22.8,12.28,0.11
0,22.61,11.91,0.11
0,23.43,11.66,0.1
0,22.58,13.24,0.09
0,20.19,11.92,0.1
0,20.6,12.03,0.1
0,20.61,12.71,0.1
0,20,12.77,0.09
0,20.65,11.81,0.09
0,19.9,11.48,0.09
0,22.28,12.71,0.09
0,26.28,11.79,0.08
0,25.67,13.24,0.07
0,22.89,12.05,0.07
0,20.17,12.57,0.07
0,18.05,12.9,0.07
0,19.17,13.87,0.08
0,23.63,12.88,0.07
0,27.41,12.34,0.06
0,29.16,12.63,0.05
0,30.43,12.9,0.05
0,29.23,13.6,0.05
0,24.21,13.34,0.05
0,21.54,12.6,0.05
0,19.85,11.98,0.05
0,19.81,11.2,0.05
0,20.12,11.95,0.05
0,21.72,12.47,0.05
0,24.34,11.93,0.05
0,24.26,11.57,0.04
0,24.31,11.54,0.04
0,22.38,12.04,0.04
0,20.58,11.73,0.04
0,21.79,11.5,0.04
0,22.66,11.35,0.04
0,23.92,11.31,0.04
0,25.73,11.21,0.04
0,27.46,12.1,0.04
0,27.48,11.78,0.04
0,27.21,12.16,0.03
0,26.69,12.45,0.03
0,27.17,12.09,0.03
0,26.98,12.94,0.03
0,27.82,13.09,0.03
0,30.2,12.05,0.03
0.07,30.75,12.65,0.02
0.78,29.49,12.85,0.02
0.04,27.49,12.17,0.02
0,25.65,11.87,0.02
0,25.18,11.63,0.02
0,26.78,11.83,0.02
0,27.71,12.48,0.02
0.05,28.27,11.15,0.02
1.47,27.63,11.14,0.02
0.02,28.57,11.26,0.02
0.06,27.21,10.84,0.02
0.67,23.58,11,0.02
1.34,19.8,7.25,0.03
0,19.1,9.77,0.04
0,18.63,9.59,0.04
0,19.37,9.15,0.03
0,20.55,9.87,0.04
0,20.75,10.08,0.04
0,21.25,10.17,0.03
0,23.48,10.6,0.04
0,25.17,11.04,0.03
0,24.23,11.13,0.03
0,23.16,10.97,0.03
0.65,22.6,10.15,0.03
0.9,22.63,10.6,0.03
0.05,23.44,9.87,0.03
0,24.53,10.87,0.04
0,24.56,10.89,0.04
0,25.93,10.12,0.04
0,26.93,10.39,0.03
0,25.18,11.58,0.03
0,23.73,11.08,0.02
0,21.83,10.56,0.02
0,22.16,10.38,0.02
0,24.06,10.37,0.02
0,27.47,9.81,0.02
0,29.73,9.86,0.02
0,29.42,10.04,0.02
0,28.72,9.98,0.02
0,28.9,9.61,0.01
0,27.73,9.77,0.01
0,26.38,9.72,0.01
0,26.08,9.8,0.01
0,25.5,9.13,0.01
0,25.43,10.06,0.01
5.59,22.7,8.22,0.01
5.2,19.65,7.47,0.01
0.04,18.27,7.05,0.01
0,18.74,6.97,0.01
0,19.95,7.28,0.01
0.64,17.92,6.42,0.01
0,17.36,6.57,0.02
0.28,16.97,6.54,0.02
5.27,14.33,4.93,0.04
14.71,12.33,3.94,0.07
14.16,12.92,3.42,0.08
0.08,14.01,4.51,0.05
0,15.56,5.74,0.04
0,18.7,5.77,0.03
0,18.73,6.13,0.03
0,19.8,6.22,0.02
0.1,20.12,5.78,0.02
0,18.32,6.36,0.02
0.07,16.39,5.54,0.02
0,16.92,7.13,0.02
0,18.3,6.59,0.02
0,20.05,6.5,0.02
0,15.6,7.97,0.02
0,15.05,6.09,0.02
0,15.17,5.44,0.02
0,15.45,5.43,0.02
0,15.58,6.32,0.02
0,16.37,6.02,0.02
0,17.93,6.16,0.02
0,18.74,5.81,0.02
0,18.52,5.76,0.02
0,18.81,6.01,0.02
0,17.28,5.91,0.02
0,17.04,5.66,0.02
0,19.96,5.94,0.02
0,20.95,6.16,0.02
0,21.22,5.99,0.02
0,19.95,5.66,0.01
0.65,16.93,5.09,0.02
2.26,15.42,3.56,0.02
0.35,15.38,3.69,0.02
4.22,13.72,2.89,0.03
0,14.29,5.2,0.04
0,15.72,4.57,0.04
0,15.74,4.16,0.03
0,14.65,4.7,0.03
0,15.02,4.78,0.03
0.01,11.87,5.13,0.03
0,9.56,4.76,0.03
0,11.2,2.35,0.03
6.87,12.4,3.33,0.03
18.29,13.29,2.7,0.05
2.38,11.39,2.21,0.06
4.27,8.26,1.27,0.06
0,8.35,3.34,0.06
0,11.09,3.37,0.05
0.77,12.12,2.04,0.05
3.71,11.74,0.87,0.05
0,8.39,3.68,0.05
0.37,8.94,1.55,0.05
3.03,7.53,2.68,0.05
0.03,4.58,3.65,0.05
0,4.15,2.35,0.05
0.57,6.13,1.48,0.05
13.65,8.56,0.92,0.15
0.01,4.72,3.31,0.2
0,4.38,3.19,0.11
0,6.48,2.6,0.09
0,6.9,2.32,0.08
0,7.43,2.23,0.07
1.17,8.09,1.21,0.07
0.01,9.49,2.28,0.06
0.02,7.96,2.11,0.05
6.72,6.46,2.62,0.15
0.01,4.63,3.14,0.16
0,3.33,2.46,0.1
0,6.18,2.08,0.09
0,9,2.66,0.08
0.11,10.09,2.51,0.07
7.33,8.37,1.62,0.08
0.23,7.86,1.44,0.14
5.26,8.07,1.53,0.11
0,5.97,2.25,0.13
0.02,7.49,1.13,0.1
0.1,10.34,1.53,0.09
0.05,10.08,1.64,0.08
0.01,9.75,2.15,0.08
0.09,8.72,2.15,0.07
0,7.26,1.88,0.07
0.01,7.2,2.04,0.07
0.04,4.5,2.53,0.07
0,2.64,1.82,0.07
0.5,3.99,0.87,0.06
0.49,6.25,1.38,0.07
24.84,8.21,0.4,0.17
15.85,10.97,1.02,0.58
2.38,9.28,0.79,0.37
0.19,8.85,1.78,0.24
0,7.05,1.19,0.17
0,9.81,1.83,0.14
0.73,10.1,1,0.12
0.05,9.15,1.49,0.1
0,7.97,2.36,0.09
0,8.43,2.37,0.09
0,9.74,2.36,0.09
0,11.65,2.36,0.08
0,12.19,2.57,0.08
0,12.19,2.56,0.07
0,9.88,2.33,0.07
0.01,8.3,1.93,0.06
0.03,8.03,2.14,0.06
0,7.93,2.32,0.06
0.03,6.86,2.55,0.06
0,7.28,1.8,0.06
0,5.2,2.5,0.06
0,2.99,2.1,0.06
1.75,5.13,1.43,0.05
0.92,5.45,2.26,0.05
0,4.77,2.51,0.05
0,4.8,2.53,0.05
0.01,4.81,2.75,0.04
0.45,5.21,2.32,0.04
1.24,6.34,1.64,0.05
0,6.84,2.33,0.04
0.04,7.82,2.93,0.04
0,9.58,3.21,0.04
0,11.56,3.08,0.04
0,8.62,4.32,0.04
0,9.71,3.47,0.04
0,12.49,3.6,0.04
0,13.81,3.74,0.04
0,15.15,4.13,0.04
0,12.5,4.25,0.03
0.73,8.12,3.34,0.04
0,10.1,3.18,0.04
0,12.41,3.39,0.03
0,13.6,4.37,0.03
0,10.72,3.87,0.03
0,10.01,4.2,0.03
0,12.85,3.87,0.03
0.17,12.5,4.22,0.03
2.7,10.31,3.9,0.04
0.06,5.85,4.47,0.04
0.01,6.15,3.31,0.04
0.03,9.63,3.02,0.04
3.01,10.21,3.25,0.03
0,7.12,5.15,0.03
4.85,10.35,4.06,0.03
2.5,5.93,4.92,0.03
0,5.39,4.82,0.03
0,6.29,4.36,0.03
0,8.18,4.43,0.03
0.7,10.66,4.43,0.03
6.33,6.95,2.87,0.03
0,5.57,5.15,0.03
0,7.58,4.72,0.03
0,7.78,4.83,0.03
0,6.5,5.28,0.03
0,8.75,5.06,0.03
0,11.67,6.03,0.03
0,11.23,5.59,0.03
0,10.99,5.04,0.03
0,11.59,5.85,0.03
0,11.77,6.18,0.03
0,12.27,6.54,0.03
0,12.97,6.91,0.03
0,13.52,6.56,0.03
0,13.09,6,0.03
0,13.95,6.4,0.03
0,13.77,5.96,0.03
0,13.44,6.68,0.03
0,14.01,7.78,0.03
0,13.43,7.66,0.03
0,13.06,6.05,0.03
6.87,11.42,3.83,0.03
0.48,10.48,4.25,0.04
1.37,9.35,4.78,0.03
0.47,10.56,6.81,0.03
0.31,9.81,8.59,0.03
0,11,7.82,0.02
0,15.06,7.34,0.02
0,18.06,7.7,0.02
0,13.2,9.99,0.02
0,13.49,9.08,0.02
0,15.93,8.13,0.02
0,14.7,7.49,0.02
0,14.43,7.7,0.02
0.08,12.6,6.19,0.02
0,13.73,9.86,0.02
0,15.24,9.26,0.02
0,11.9,11.13,0.02
0,11.82,9.02,0.02
2.61,7.34,7.94,0.02
0.06,8.18,6.56,0.02
0,10.46,7.1,0.02
0,12.71,7.77,0.02
0.21,10.94,7.73,0.02
1.41,10.89,6.05,0.02
0.6,11.36,8.95,0.02
0,13.74,8.79,0.02
0.14,11.1,6.81,0.02
0,11.26,9.25,0.02
0.1,12.71,5.91,0.02
0,12.33,9.89,0.02
0,15.05,9.93,0.02
0,17.73,10.42,0.02
0,22.22,11.71,0.01
0,20.66,10.2,0.01
0,17.16,9.96,0.01
1.02,13.01,10.64,0.01
3.06,10.3,5.4,0.01
2.95,8.56,8.92,0.02
0,10.05,10.94,0.02
0,13.87,10.66,0.02
0,17.41,10.02,0.01
0,18.98,10.22,0.01
0,16.07,12.28,0.01
0,9.64,13.74,0.01
0.01,8.01,10.01,0.01
0.68,9.04,8.47,0.02
0,12.41,10.71,0.02
0,12.94,9.69,0.01
0,13.02,9.73,0.01
0.4,13.25,6.84,0.01
0,15.63,10.3,0.01
0,17.75,10.64,0.01
0,15.5,11.7,0.01
0,14.74,11.89,0.01
0,16.84,12.99,0.01
0,20.4,11.44,0.01
0,24.24,11.98,0.01
0,22.95,12.99,0.01
0,20.76,14.13,0.01
0,21.91,13.3,0.01
0,23.39,11.68,0.01
0,23.5,12.49,0
0,14.58,11.91,0
0.01,12.47,10.32,0
0,16.13,11.33,0
0,17.47,12.21,0
0,20.09,12.15,0
0,23.34,12.06,0
0,23.87,13.24,0
0,22.82,14.53,0
0,24.91,13.88,0
0,25.1,14.97,0
0,21.58,14.52,0
0,23.14,15.6,0
0,25.54,14.73,0
0,27.16,12.18,0
0,29.49,13.11,0
0.52,29.26,13.19,0
0.17,28.64,12.78,0
0,25.62,13.57,0
0,24.47,13.77,0
0,22.67,13.71,0
0,21.02,13.04,0
0,16.84,8.25,0
0.01,17.98,11.59,0
0,16.29,10.29,0
0,16.23,12.11,0
0,18.64,12.2,0
0,20.11,13.25,0
0,18.45,14.86,0
0,20.68,11.81,0
0,18.65,12.72,0
0,19.02,11.23,0
0.04,20.4,11.53,0
0.14,22.29,11.5,0
0,25.49,12.13,0
0,27.09,12.86,0
0,25.07,13.14,0
0,22.01,13.43,0
0,20.33,13.05,0
0,20.98,13.21,0
0,24,12.03,0
0,26.34,12.45,0
0,26.72,12.94,0
0,27.88,13.22,0
0,27.81,14.12,0
0,28.42,13.86,0
0,28.9,14.03,0
0,26.14,15.2,0
0,26.38,12.73,0
0,29.09,13.2,0
0,31.42,13.32,0
0,30.75,14.47,0
0,31.44,13.53,0
0,32.27,13.48,0
0,31.73,13.74,0
0,30.74,14.56,0
0,29.13,14.95,0
0,27.67,15.01,0
0,28.35,12.91,0
0,29.31,12.97,0
0,30.24,12.72,0
0.01,31.26,13.04,0
0.04,30.96,14,0
0,30.93,13.3,0
0.05,30.54,13.3,0
1.24,30.52,13.46,0
0,29.45,14.27,0
0.04,28.51,13.6,0
0.15,28.04,13.44,0
0,25.14,14.42,0
0,20.83,12.15,0
0.12,21.41,10.56,0
0.07,23.04,12.22,0
0,23.45,13.31,0
0,26.52,12.39,0
0,27.16,12.88,0
0,25.04,13.15,0
0,25.8,11.92,0
0.75,27.67,12.21,0
0,27.72,12.01,0
0,26.52,12.89,0
0,24.82,13,0
0,24.61,12.65,0
0,26.04,11.99,0
0,25.54,12.85,0
0,26.62,12.19,0
0,28.86,11.95,0
0,30.5,12.9,0
0,30.81,12.65,0
0.02,28.08,13.11,0
0,27.02,12.11,0
0.02,26.82,9.71,0
0,28.28,12.25,0
0,27.9,12.37,0
0.04,25.94,11.13,0
0,26.57,11.92,0
0,28.33,12.42,0
0,29.01,13.14,0
0,27.03,13.16,0
0,24.8,12.11,0
0,25.4,11.3,0
0.05,26.34,11.11,0
0,25.93,11.81,0
0,23.9,11.84,0
0.11,21.92,11.65,0
0.29,22.95,9.97,0
0,24.75,10.91,0
1.1,26.78,10.48,0
0.01,28.23,11.71,0
0,25.72,13.39,0
0,21.88,12.76,0
0,24.01,10.91,0
0,26.37,10.54,0
0,26.9,10.76,0
0.07,28.99,10.93,0
0.04,29.11,11.46,0
0,26.35,13.2,0
0,25.69,10.93,0
0,28.77,10.28,0
0,29.28,10.49,0
0.09,25.5,11.43,0
0.37,22.68,8.93,0
0,23.56,9.86,0
0.01,25.31,10.25,0
0,25.93,10.18,0
0,25.51,9.97,0
0.01,27.15,10.44,0
1.28,28.55,9.6,0
1.65,28.94,9.62,0
0.47,26.67,10.03,0
0,22.97,10.71,0
0,21.26,9.11,0
0,21.01,8.07,0
0,18.56,9.04,0
0,17.17,9.66,0
0,19.9,8.86,0
0,22.28,8.71,0
0,23.5,8.66,0
0,23.38,8.79,0
0,22.95,8.77,0
0.01,16.93,7.97,0
0.01,15.03,7.64,0
0,17.07,6.83,0
0,17.5,6.96,0
0,17.89,7.21,0
0,17.76,7.58,0
0,18.8,6.22,0
0,21.23,7.33,0
0,21.42,7.21,0
0,19.17,7.76,0
0.01,18.92,7.2,0
7.59,14.24,5.24,0
0,14.6,6.98,0
0.01,17.52,6.37,0
0,15.61,9.63,0
0,11.94,9.58,0
3.81,10.54,3.33,0
0.05,9.77,6.38,0
0.28,10.1,6.19,0
0.06,12.21,4.29,0
0.19,11.04,5.85,0
0,11.28,4.93,0
0,11.91,5.23,0
0,13.2,5.3,0
0,14.96,5.86,0
0,16.23,5.82,0
0.01,14.13,5.3,0
0,10.25,6.17,0
0,10.98,5.53,0
0.46,13.76,3.91,0
0.02,13.17,5.24,0
0,10.69,5.31,0
0,13.72,5.13,0
0.13,14.02,5.74,0
0.08,13.73,6.01,0
0,13.16,5.41,0
0,15.18,4.45,0
0.12,12.94,4.68,0
3.12,11.26,5.51,0
5.92,9.31,4.01,0
0,8.1,4.2,0
0,10.79,3.44,0
0,12.17,3.87,0
12.29,11.21,4.59,0
2.16,9.75,3,0
0,8.83,2.37,0
10.98,8.7,2.43,0
12.9,8.59,1.11,0
0.67,9,2.21,0.01
1.97,9.23,3.12,0
0,8.58,2.82,0
3.06,8.6,2.81,0
1.87,4.9,1.83,0.01
1.17,4.83,1.76,0.01
0.44,6.94,2.42,0
7.74,6.89,1.65,0.01
2.56,3.23,1.93,0.01
0,4.36,2.33,0.01
9.89,7.57,1.95,0.01
0.56,7.65,2.17,0.01
0,5.28,2.3,0.01
0,6.28,2.02,0.01
0,6.43,1.66,0.01
10.43,6.74,1.87,0.01
6.17,6.25,1.37,0.02
0.87,5.65,1.93,0.02
4.75,6.74,1.13,0.01
0.25,8.67,2,0.01
0,9.86,2.31,0.01
0.31,9.5,2.17,0.01
9.12,9.42,2.53,0.01
22.55,8.79,1.27,0.01
1.74,7.66,1.85,0.01
0.39,6.5,2.45,0.01
0,4.54,6.76,0.01
0,3.79,2.39,0.01
12.8,3.04,0.56,0.02
0.7,1.47,1.73,0.12
0,1.46,2.08,0.04
6.14,1.83,0.59,0.03
8.97,2.92,0.88,0.04
0.98,3.38,1.22,0.06
0,3.27,1.65,0.04
0,4.26,1.73,0.03
0,5.26,1.82,0.02
0,4.99,1.83,0.02
0,6.48,2.19,0.02
4.92,4.88,0.52,0.01
0.02,4.86,1.33,0.01
0,4.38,1.93,0.01
0,3.8,1.9,0.01
0,5.46,2.16,0.01
0.01,4.05,1.86,0.01
0,5.86,2.04,0.01
0,7.96,2.21,0.01
0,8.58,2.43,0.01
0,9.25,2.37,0.01
0,9.25,1.47,0.01
0.5,9.28,1.55,0.01
4.21,6.47,1.34,0.01
0.91,4.8,1.69,0.01
1.4,5.26,1.39,0.01
0.02,5.51,2.02,0.01
0,5.66,2.34,0.01
0,5.62,2.21,0.01
0,7.03,2.44,0.01
0,7.15,2.49,0.01
0,8.06,2.53,0.01
0,8.98,2.65,0.01
0,10.94,2.88,0.01
0,10.18,2.73,0.01
0,9.67,2.78,0.01
0,9.59,2.84,0.01
0.04,6.95,1.97,0.01
0.02,7.48,2.56,0.01
0.11,6.22,2.05,0.01
0.52,6.14,2.23,0.01
0.28,6.83,2.26,0.01
2.28,5.69,2.07,0.01
0.04,4.64,2.23,0.01
2.86,3.47,1.56,0.01
0.24,2.27,2.13,0.01
0,2.21,3.5,0.01
0,2.11,3.57,0.01
1.06,2.44,3.03,0.01
1.32,2.56,2.69,0.01
2.36,1.13,1.46,0.01
0.17,1.68,2.61,0.01
0,2.49,2.57,0.01
0,3.96,2.54,0.01
1.13,5,1.23,0.01
14.39,6.38,0.5,0.01
0.02,3.45,3.69,0.01
0,4.12,3.2,0.01
0,9.09,3.14,0.01
0,9.4,4.09,0.01
0,11.35,3.73,0.01
0,14.85,3.91,0.01
0,13.83,4.32,0.01
0,13.35,4.04,0.01
0,13.44,3.9,0.01
0,12.69,4.36,0.01
0.02,13.14,4.38,0.01
0,8.34,8.84,0
0,8.26,5.73,0
0,11.53,4.74,0
0,12.91,4.81,0
0,14.07,4.76,0
0,13.36,5.23,0
0,13.28,5.56,0
0,12.81,5.78,0
0,13.52,5.67,0
0,11.81,6.76,0
4.35,4.45,5.12,0
0,5.85,7.59,0
1.7,5.38,3.53,0
3.28,4.12,3.92,0
9.25,3.66,3.31,0.01
1.7,5.44,4.08,0.03
0,7.54,4.88,0.01
0.41,10.25,6.04,0.01
3.28,8.48,2.39,0.01
6.66,7.45,3.15,0.01
0.01,8.47,4.48,0.03
0,10,5.42,0.01
0.79,11.4,5.6,0.01
0.01,11.65,5.99,0.01
0.19,10.93,5.52,0.01
0.02,8.97,6.5,0.01
10.11,7.29,4.14,0.01
0.05,10.66,5.46,0.01
0,12.46,6.1,0
0,9.6,8.12,0
0,9.72,7.56,0
0,12.53,6.79,0
0.06,11.34,6.76,0
0,7.24,8.77,0
7.41,4.9,2.28,0
3.87,7.45,4.36,0.01
2.76,5.47,6.39,0.01
0,7.03,8.38,0.01
0,10.02,7.02,0
0,13.99,7.32,0
0,17.99,7.76,0
0,20.12,8.31,0
0,19.22,9.72,0
0,18.82,8.9,0
0,20.02,8.64,0
0,18.88,8.05,0
0,19.23,8.97,0
0,20.85,8.91,0
0.07,20.34,8.96,0
0,18.27,9.42,0
0,17.49,9.41,0
0,19.16,10.66,0
0,22.95,10.27,0
0.06,23.7,10.65,0
0,17.4,10.53,0
0.03,12.56,8.14,0
8.49,10.08,5.96,0
0.02,11.81,8.22,0
0,11.62,9.33,0
1.44,6.38,4.17,0
0.88,10.23,3.89,0
0.01,13.05,9.04,0
0,16.58,10.34,0
0,16.43,13.15,0
0,12.83,14.7,0
0,14.07,13.84,0
0,17.55,10.33,0
0,18.36,10.44,0
0,18.5,9.93,0
0,20.26,10.44,0
0,22,11.04,0
0,19.19,8.9,0
0,16.55,11.4,0
0,17.34,12.07,0
0,18.31,10.59,0
0,15.12,10.67,0
0,14.16,9.78,0
0,14.93,9.56,0
1.16,14.36,10.02,0
0.41,11.26,8.23,0
0,13.06,9.51,0
0,16.07,11.53,0
0,19.94,10.82,0
0,22.17,11.04,0
0,20.28,11.38,0
0.01,14.97,10.89,0
0,16.6,9.75,0
0,18.25,11.05,0
0,19.34,12.16,0
0,19.77,13.29,0
0,20.95,12.96,0
0,23,12.95,0
0,23.29,12.46,0
0,21.94,12.41,0
0.02,20.07,11.24,0
0,16.59,11.03,0
0,16.11,10.34,0
0,15.44,10.26,0
0,15.32,12.42,0
0,17.34,11.38,0
0,14.7,10.32,0
0,14.37,10.93,0
3.92,12.94,6.83,0
0,16.65,10.76,0
0,21,10.95,0
0,23.51,12.92,0
0,25.61,13.22,0
0,26.65,12.92,0
0,27.16,14.05,0
0,27.13,13.45,0
0,27.96,14.15,0
0,28.63,12.44,0
0,28.31,12.83,0
0,27.68,12.76,0
0,28.01,14.7,0
0,28.97,12.74,0
0,28.64,13.12,0
0,28.29,12.67,0
0,28.94,12.55,0
0,26.59,12.95,0
0,23.88,12.89,0
0,24.76,11.88,0
0,24.34,11.88,0
0.89,24.6,12.23,0
0.57,21.97,11.19,0
0,22.68,13.35,0
0,25.64,12.73,0
0,27.86,13.55,0
0,27.06,13.48,0
0,25,11.99,0
0,25.56,12.3,0
0,28.66,12.95,0
0,29.44,14.34,0
0,29.35,16.17,0
0,29.7,16.01,0
0,30.24,13.87,0
0.11,30.39,13.48,0
0.02,29.04,14.46,0
0,30.15,15.08,0
0,31.12,16.04,0
0,30.27,16.44,0
0.05,29.57,13.51,0
0,28.76,13.6,0
0,28.75,12.75,0
0,29.5,12.17,0
0,28.8,12.22,0
0,27.88,13.65,0
0,26.87,13.9,0
0,26.26,13.61,0
0.32,26.69,12.25,0
1.11,26.29,11.92,0
0.07,26.42,12.61,0
0,26.03,12.78,0
0,26.76,12.55,0
0,28.12,12.05,0
0.27,27.91,12.83,0
0.54,28.09,12.51,0
0,28.56,12.21,0
0,27.69,12.84,0
0,22.7,12.57,0
0,22.02,11.7,0
0,20.37,11.5,0
0,21.46,11.5,0
0,23.45,11.14,0
0,25.76,11.19,0
0,25.97,11.56,0
0,26.25,12.21,0
0,25.77,11.53,0
0,25.79,11.45,0
0,25.22,11.83,0
0,25.13,11.01,0
0,24.35,12.33,0
0,22.23,11.67,0
0,22.31,10.71,0
0,22.12,10.59,0
0,22.95,10.2,0
0,24.11,10.32,0
0,23.51,10.68,0
0.07,21.97,9.7,0
0,22.67,10.24,0
0,22.81,10.09,0
0,22.92,10.22,0
0,23.19,10.11,0
0,24.4,10.33,0
0,25.94,11.38,0
0,27.32,11.87,0
0,27.62,11.67,0
0,27.48,11.14,0
0,27.06,10.37,0
0,26.88,10.77,0
0,27.46,10.92,0
0,27.02,11.67,0
0,27.19,11.36,0
0,24.84,12.21,0
0,19.74,10.18,0
4.43,17.2,8.07,0
0.63,17.33,7.81,0
1,18.02,8.17,0
0.12,18.39,6.82,0
0.02,17.35,7.69,0
0.55,15.98,6.28,0
0.1,14.65,7.45,0
0.76,13.46,7.79,0
0,13.89,7.65,0
0,16.52,8.65,0
0,20.23,8.83,0
0,20.46,9,0
0,19.36,8.96,0
0,18.19,8.61,0
0,17.62,8.51,0
0.66,15.07,6.62,0
0,17.6,8.46,0
0,19.49,8.2,0
0,21.55,8.26,0
0,23.23,8.11,0
0,23.49,8.32,0
0,24.5,8.94,0
0,23.87,8.68,0
0,21.13,8.38,0
0.09,19.99,7.45,0
0,19.71,7.44,0
0,18.95,6.83,0
0,17.43,6.9,0
0,18.89,7.71,0
0,21.36,7.64,0
0,24.48,7.83,0
0,24.73,8.11,0
0,24.65,8.11,0
1.74,20.43,8.51,0
0.4,16.26,6.99,0
0,12.28,8.15,0
0,11.29,6.46,0
0,14.71,6.48,0
0,16.34,6.95,0
0,14.92,6.84,0
0,14.72,6.9,0
0,16.26,6.9,0
0,18.76,6.97,0
0,18.92,6.77,0
0,18.33,6.36,0
0,15.97,6.01,0
0,16.98,5.87,0
0.22,14.89,5.58,0
7.02,11.16,5.5,0
0.06,10.71,5.22,0
0,14.1,4.79,0
0,15.95,4.85,0
0,16.27,5.33,0
0,16.19,5.67,0
0,17.98,5.56,0
0,16.14,5.42,0
0,15.25,4.77,0
0,13.67,4.6,0
0,12.62,5.96,0
0,14.22,5.46,0
0,17.23,5.18,0
0,18.2,4.96,0
0,16.85,4.97,0
0.09,13.89,5.25,0
0,14.73,5.36,0
0,16.06,4.83,0
0,12.6,5.43,0
0,7.84,5.29,0
16.97,5.84,1.53,0
2.39,3.09,2.52,0
0.08,2.27,2.48,0
0,3.75,3.14,0
0,5.73,3.19,0
0,8.19,3.36,0
0.46,8.2,1.53,0
0.04,6.43,2.98,0
0,4.32,4.1,0
0,4.4,3.32,0
2.17,6.19,2.62,0
0,5.16,2.91,0
0,6.41,3.45,0
2.65,8.08,1.73,0
29.07,8.59,0.81,0
13.64,9.28,0.44,0
0.04,8.88,1.66,0
0,9.01,1.83,0
6.79,7.72,0.94,0
10.03,7.36,1.95,0
0.09,6.26,1.96,0
4.25,6.76,1.07,0
16.23,9.47,1,0
0.07,10.72,1.67,0
0.13,9.92,1.93,0
2.46,7.93,1.72,0
0,7.56,2.41,0
1.15,7.86,1.24,0
0.16,4.58,2.68,0
0.11,3.77,2.41,0
0.08,2.14,2.1,0
0,1.4,2.09,0
0,2.36,2.11,0
0,4.08,1.81,0
0,5.97,2.02,0
0,7.72,1.75,0
0,8.17,2.28,0
0,9.85,2.29,0
0,11.2,2.42,0
0,12.22,2.39,0
0,12.49,2.41,0
0,12.33,2.4,0
0,12.29,2.49,0
0,12.21,2.48,0
0,12.16,2.47,0
0,13.01,2.47,0
0,13.21,2.53,0
0,11.05,2.38,0
0.51,9.82,2.16,0
11.69,10.25,1.25,0
0.92,10.52,1.37,0
0.22,9.72,1.37,0
0.09,9.74,1.66,0
0.07,8.94,1.66,0
1.88,8.98,1.88,0
9,10.6,0.73,0.07
1.55,11.81,1.42,0.14
0.01,9.77,2.43,0.03
0,10.7,1.98,0.01
0,11.5,2.47,0.01
0,11.1,2.64,0.01
0,11.71,2.72,0.01
0,12.06,2.77,0.01
0,13.48,2.32,0.01
0,12.41,2.5,0.01
0.32,8.6,1.92,0
0.35,7.95,2.5,0
0.03,10.35,2.5,0
0.01,10.94,2.39,0
0.01,12.01,2.26,0
0.01,12.09,2.47,0
0,8.79,3.65,0
0,7.34,2.99,0
0,8.2,2.27,0
0.6,8.5,2.69,0
0,7.14,3.2,0
0,11.11,3.27,0
0,13.75,3.52,0
0,14.31,3.83,0
0,13.49,4.71,0
14.58,9.8,1.73,0
9.55,10.38,1.72,0.04
13.46,8.3,1.11,0.14
0.73,8.66,2.65,0.09
3.4,9,2.29,0.03
3.93,6.31,1.81,0.02
0,6.44,3.65,0.03
0.12,6.18,2.62,0.02
0,5,4.61,0.01
0.07,3.49,2.42,0.01
0,2.83,3.34,0.01
0,3.94,3.14,0.01
0,5.65,3.11,0.01
1.4,5.51,2.35,0.01
18.81,7.31,0.65,1.45
17.87,10.81,1.42,3.07
26.26,11.34,1.65,5.16
11.13,9.6,2.04,4.66
9.28,9.53,1.11,1.07
14.68,10.97,0.86,0.46
21.24,12,0.87,0.67
8.49,10.71,3.21,3.83
0.54,8.22,3.53,1.03
0,8.22,3.81,0.51
0,10.24,3.67,0.33
0,11.63,4.02,0.23
0,15.2,4.15,0.16
0,15.59,4.06,0.12
0,16.32,4.34,0.09
0,17.26,4.29,0.07
0,17,4.48,0.06
0.01,16.13,3.84,0.05
0.02,13.6,5.21,0.05
0,13.78,4.62,0.04
0,16.1,4.97,0.04
0,16.73,5.07,0.03
0.25,16.07,4.45,0.03
3.06,13.26,3.12,0.03
10.02,11.17,4.3,0.43
10.61,8.09,3.98,0.18
12.9,8.22,3.36,1
4.06,8.1,4.04,0.49
1.82,8.11,5.15,0.55
13.75,5.81,1.11,0.63
0.01,5.84,4.33,0.51
29.19,5.08,1.12,2.77
5.59,5.84,2.67,3.87
0.76,7.32,5.1,1.51
0,8.4,5.52,1.01
0,11.9,5.33,0.66
0,13.8,5.94,0.52
0,13.86,5.67,0.42
0,15.01,5.64,0.32
0.02,15.11,4.52,0.24
0.01,12.85,5.57,0.2
0,12.59,6.68,0.18
0,16.22,6.34,0.16
0,18.23,6.98,0.14
0,18.25,5.85,0.12
0.03,16.93,6.54,0.11
0.08,17.11,6.25,0.1
1.46,16.62,5.73,0.1
0.49,12.76,6.59,0.09
0,9.43,9.29,0.09
0,10.34,7.21,0.08
0,11.35,5.93,0.08
9.67,9.66,3.16,0.08
17.22,9.67,4.42,0.11
1.05,9.83,4.99,0.1
0.38,10.97,4.48,0.07
0,12.71,6.69,0.07
0.03,14.86,6.53,0.06
0,15.65,6.83,0.05
0,9.66,8.22,0.05
0,9.1,7.79,0.05
0,12.34,7.95,0.05
0.6,10.27,7.55,0.04
2.35,7.27,4.97,0.04
0,9.47,8.31,0.04
0,11.98,8.41,0.04
0,15.94,8.6,0.03
0,19.09,9.14,0.03
0,21.31,9.35,0.03
0.37,17.46,8.42,0.03
0.01,14.09,8.79,0.03
0.01,12.52,8.28,0.02
0.01,12.29,8.7,0.02
0,13.95,11.29,0.02
0,16.9,9.93,0.02
0,17.14,10.01,0.02
0,15.44,11.62,0.02
0,16.77,9.68,0.02
0.36,16.55,10.13,0.02
0.24,16.3,9.63,0.02
2.35,12.74,6.98,0.02
0.1,10.9,7.16,0.02
0,11.27,8.79,0.02
1.36,8.33,8.92,0.02
0,11.13,9.89,0.02
0,14.38,10.28,0.02
0,17.45,10,0.01
0,16.04,10.68,0.01
0,15.19,10.58,0.01
0,17.37,11.01,0.01
0,20.22,11.36,0.01
0,19.53,11.65,0.01
0,18.13,12.88,0.01
0,20.4,12.11,0.01
0,23.19,11.3,0.01
0,24.84,11.82,0.01
0,23.12,12.47,0.01
0,19.35,11.43,0.01
0,14.4,12.27,0.01
0,16.39,11.46,0.01
0,17.93,10.66,0.01
0,20.2,12.58,0.01
0,24.37,11.62,0.01
0,24.48,12.1,0.01
0,23.72,12.37,0.01
0,24.06,11.47,0.01
0,24.85,11.7,0.01
0,24.68,12.13,0
0,24.56,12.66,0
0,24.35,12.12,0
0,22.72,11.67,0
0,21.49,12.65,0
0,20.49,10.71,0
0,19.09,11.12,0.01
0,18.74,11,0.01
0,18.83,12.93,0.01
0,22.08,13.78,0.01
0,25.16,11.74,0
0,25.33,12.46,0
0,24.34,12.52,0
0,24.31,12.21,0
0,24.97,12.32,0
0,22.79,12.15,0
0,21.88,11.94,0
0,22.02,11.68,0
0,22.19,11.68,0
0,19.92,13.22,0
0,21.68,13.87,0
0,22.85,12.47,0
0,24.27,11.82,0
0,26.74,12.16,0
0,27.53,12.48,0
0,27.2,12.57,0
0,26.72,12.49,0
0,26.3,12.81,0
0,26.37,12.69,0
0,24.21,12.69,0
0,23.65,13.17,0
0,25.16,12.23,0
0,26.9,12.34,0
0,28.19,12.71,0
0,27.98,13.87,0
0,24.78,14.31,0
0,21.34,11.72,0
0,21.14,11.57,0
0,22.89,11.72,0
0,24.37,12.15,0
0,24.82,12.38,0
0,25.12,13.07,0
0,27.22,13.28,0
0,25.99,12.67,0
0,24.85,13.39,0
0,26.28,12.97,0
0,24.78,13.05,0
0,21.12,13.04,0
0,19.69,12.16,0
0,21.42,11.48,0
0,24.21,11.91,0
0,26.18,11.86,0
0,26.87,12.5,0
0.63,22.46,9.4,0
2.48,22.57,9.39,0
1.38,22.58,10.01,0
0.21,21.73,10.04,0
0,22.52,10.45,0
0,22.95,11.18,0
0,22.69,11.37,0
0,24.62,11.18,0
0,26.44,11.56,0
0,27.44,11.34,0
0,27.9,11.37,0
0,27.7,11.34,0
0,28.47,11.61,0
0,28.96,11.6,0
0,27.89,12.34,0
0,26.18,12.15,0
0,26.42,11.69,0
0,26.73,10.82,0
0,27.05,10.72,0
0,27.04,11.04,0
0,27.15,11.41,0
0,27.45,11.35,0
0,26.32,11.11,0
0,24.77,11.64,0
0,23.97,11.34,0
0,24.24,10.52,0
0,24.79,10.8,0
0,25.87,10.89,0
0,28.17,11.23,0
0.04,28.37,10.93,0
0,27.51,11.26,0
0,25.82,11.41,0
0,24.62,10.71,0
0,25.57,10.36,0
0,26.37,11,0
0,26.67,10.49,0
0,26.04,10.6,0
0,25.29,10.62,0
0,24.37,10.57,0
0,23.63,10.52,0
0,23.42,10.08,0
0,24.96,9.81,0
0,24.9,9.91,0
0,25.54,9.97,0
0,26.84,9.85,0
0,27.66,10.03,0
0,27.04,9.72,0
0,24.21,10.02,0
0,20.69,9.74,0
0,17.7,9.75,0
0,19.22,8.82,0
0,20.9,9.2,0
0,18.67,8.52,0
0.38,16.73,8.54,0
0,14.96,8.79,0
0,15.46,8.38,0
0.21,16.34,8.11,0
2.98,16.36,5.42,0
0,14.69,8.37,0
0,13.7,7.64,0
0,13.94,7.57,0
0,14.96,7.55,0
0.59,14.88,7.53,0
0.2,14.21,7.55,0
3.56,13.06,4.75,0
1.02,12.18,5.27,0
0,12.83,6.35,0
2.98,11.54,3.31,0
0,13.23,7.22,0
0,15.39,6.96,0
0,17.37,6.64,0
0.55,14.45,7.43,0
0,14.1,7.61,0
0,15.04,6.85,0
0,17.76,6.93,0
0,19.85,7.04,0
0,21.2,7.4,0
0,21.45,7.6,0
0,21.79,7.54,0
0.05,21.71,7.4,0
0,19.25,7.23,0
0,16.39,6.54,0
0,15.61,5.79,0
0,17.03,6.31,0
0,18.21,6.61,0
0,18.82,6.49,0
0,15.62,6.36,0
0,12.79,6.22,0
0.01,11.93,5.66,0
0,13.48,5.62,0
0,14.73,5.25,0
0,16.17,5.51,0
0,16.78,5.91,0
0.68,14.52,5.77,0
0,16.87,5.42,0
0,17.37,5.41,0
0,19.3,5.44,0
0,17.97,5.31,0
0.52,17.4,4.01,0
0,17.92,5.41,0
0.03,14.39,6.92,0
0,13.41,6.56,0
0,13.98,5.21,0
0,14.71,5.03,0
0,15.93,5.14,0
0,17.18,4.92,0
0,17.19,4.78,0
0,13.4,10.05,0
0,10.26,6.11,0
0,9.96,5.18,0
0,10.95,5.08,0
0,12.29,4.33,0
0,14.79,4.47,0
0,16.13,4.66,0
0,15.49,5.26,0
0.06,11.51,3.59,0
0,12.05,3.69,0
0,13.27,3.95,0
4.83,14.17,2.8,0
2.2,13.47,2.62,0
0,12.32,3.79,0
0,13.04,3.59,0
0,11.76,5.86,0
0,11.49,5.73,0
0,11.73,4.77,0
0,13.03,4.03,0
0,10.7,4.75,0
0,13,3.91,0
0,14.4,4.11,0
0,12.68,3.97,0
0.03,8.15,4.35,0
0,8.84,3.64,0
0,12.97,3.74,0
0,13.67,3.6,0
0,14.03,3.98,0
1.89,12.02,3.08,0
6.14,8.98,1.1,0.01
1.01,8.63,2.11,0.01
0,7.64,2.71,0.01
0,8.33,2.78,0.01
0,8.33,2.69,0.01
0,8.77,2.69,0.01
0,8.62,2.71,0.01
0,7.86,2.71,0.01
0,9.1,2.69,0.01
0,8.11,2.05,0.01
3.9,7.46,1.56,0.01
0.14,8.94,2.46,0
0,9.4,2.56,0
2.32,8.02,1.67,0
6.36,7.17,1.4,0
0.18,6.07,1.89,0.01
0,7.37,2.07,0.01
4.6,8.01,1.59,0.01
0.06,7.24,2.49,0.01
0,6.56,2.73,0.01
0,6.79,2.35,0.01
0.01,8.11,2.57,0.01
0,7.21,2.31,0.01
0,7.41,2.29,0
0,8.35,2.34,0
0,8.43,2.04,0.01
0.32,8.39,1.53,0
1.51,8.89,1.55,0
0,7.94,1.56,0
16.05,7.98,1.13,0
2.24,6.41,1.71,0.01
0.05,5.06,2.76,0.01
9.27,3.8,0.89,0.01
0.11,4.2,2.8,0.01
0,3.6,2.08,0.01
0.03,4.64,2.2,0.01
0,5.92,2.31,0.01
0,9.19,2.43,0.01
0,8.77,2.51,0.01
0,5.36,3.95,0
0,3.39,3.13,0
0,1.45,4.93,0
0,0.26,4.22,0
0,1.66,2.48,0
0,4.59,2.3,0
0,4.04,3.14,0
0,5.18,2.65,0
0,6.86,2.68,0
0.5,6.86,2.32,0
5.94,5.54,2.17,0
0.13,6.71,1.33,0
0,10.54,2.64,0
0,12.73,3.2,0
1.82,11.64,2.58,0
1.3,7.98,3.18,0
0,6.43,3.07,0
10.89,6.14,2.21,0
0,7.32,3.44,0
0,10.05,3.3,0
3.81,8.57,1.75,0
0.01,8.71,2.77,0
0,8.86,3.5,0
0,11.48,3.68,0
0,13.68,4.3,0
0,14.78,4.92,0
0.38,13.55,4.26,0
6.57,11.49,2.48,0
1.5,12.07,2.74,0
1.78,11.58,2.88,0
11.98,10.21,1.78,0
19.53,10.41,1.7,0
0.03,8.46,3.39,0.01
3,7.63,4.32,0.01
0,6.43,4.38,0.01
0,6.85,4.36,0.01
0,7.18,5.89,0.01
0,6.83,5.19,0.01
0,6.5,4.45,0.01
0.58,4.9,3.51,0.01
0,5.92,4.14,0.01
2.84,3.42,4.71,0.01
4.85,1.14,2.59,0.01
1.29,2.33,3.35,0.01
0,4.09,4.43,0.01
0,6.66,4.2,0.01
0,8.2,3.98,0.01
0,9.56,4.83,0.01
0,9.62,5.18,0
0,12.62,5.4,0
0.05,14.16,6.68,0
50.97,10.61,1.17,0.13
1.8,10.77,1.93,0.49
0.09,10.98,3.75,0.07
0.14,10.03,4.32,0.03
0.03,10.7,5.24,0.02
0.5,10.28,3.56,0.01
0.5,10.66,2.99,0.01
1.65,10.88,4.78,0.01
0.63,9.8,5.12,0.01
5.99,6.7,3.08,0.01
0.43,5.97,6.16,0.01
0.01,7.89,5.95,0.01
0,10.56,5.51,0.01
0.14,8.02,6.05,0.01
2.79,4.53,4.85,0.01
0.01,5.13,4.1,0.01
9.29,4.23,3.87,0.01
0.01,5.91,5.3,0.01
3.17,6.48,2.68,0.01
0,7.21,6.26,0.01
0,9.47,6.18,0.01
0,11.97,6.48,0.01
0,11.76,8.4,0.01
0,11.36,7.36,0.01
0,13.52,7.22,0.01
0,14.67,7.95,0.01
0.01,15.19,7.37,0.01
0,14.6,8.27,0.01
0.28,12.89,7.16,0.01
9.31,8.66,5.54,0.01
0,10.24,7.11,0.01
0,11.36,7.54,0.01
0,13.34,7.97,0.01
0,15.02,8.62,0.01
0,16.19,8.77,0.01
0,17.77,9.01,0.01
0,17.95,9.13,0.01
0,14.33,8.86,0.01
0,15.19,10.07,0.01
0,18.31,9.72,0.01
0,20.13,9.62,0.01
0,21.51,9.79,0.01
0,22.55,9.65,0
0,19.37,9.93,0
0,11.88,11.87,0
0,12.47,11.3,0
0,17.78,10.01,0
0,20.8,10.29,0
0,21.75,11.53,0
0,19.5,10.28,0
0,19.65,10.15,0
0,21.75,10.23,0
1.36,22.79,10.4,0
0.06,23.66,10.92,0
0.16,21.1,8.97,0
0,17.8,10.33,0
1.36,13.8,8.32,0
0.09,12.8,9.8,0
0,14.04,10.98,0
0,18.66,10.77,0
0,22.53,10.57,0
0,25.31,11.12,0
0.14,26.34,11.51,0
0.7,26.64,10.89,0
3.56,24.42,10.74,0
3.04,22.87,9.85,0
0.56,23.55,10.93,0
0.34,24.48,10.56,0
0.94,24.84,10.73,0
0.06,24.88,10.61,0
0.67,25.57,10.84,0
2.07,22.54,10.48,0
0.05,19.81,10.78,0
0,18.08,11.07,0
0,15.89,9.94,0
0.07,13.82,9.24,0
0.84,13.3,7.76,0
0.07,14.74,7.81,0
0.12,16.87,9.87,0
0.25,17.35,10.5,0
0,13.36,9.78,0
0.26,10.79,8.26,0
0,11.97,7.57,0
0,14.21,9.42,0
0,16.56,10.25,0
0,16.62,10.78,0
0,18.57,11.6,0
0,19.51,11.65,0
0,22.57,13.32,0
0,26.58,11.97,0
0,26.11,13.1,0
0.05,25.01,13.14,0
0.75,24.4,11.33,0
9.2,22.45,8.57,0
1.61,22.04,8.88,0
0.03,22.52,10.32,0
0,23.05,10.87,0
0,22.58,11.18,0
0,22.85,11.7,0
0,25.91,12.56,0
0,25.59,12.15,0
0,19.51,12.4,0
0,17.52,10.61,0
0,19.7,10.98,0
0,20.59,11.61,0
0,21.04,11.61,0
0,21.83,11.66,0
0,20.87,12.95,0
0,19.4,11.81,0
0,21.88,13.05,0
0,24.93,12.19,0
0,26.54,11.99,0
0,28.48,12.34,0
0,28.03,12.73,0
0,26.76,12.49,0
0,24.48,12.23,0
0,23.51,11.8,0
0,22.55,11.67,0
0,21.72,11.45,0
0,22.8,11.36,0
0,21.13,11.64,0
0,21.15,12.65,0
0,22.27,12.33,0
0,23.98,12.26,0
0,25.98,13.53,0
0,24.3,12.71,0
0,23.96,11.89,0
0,21.8,11.71,0
0,21.8,11.4,0
0,24.6,11.28,0
0,27.06,11.91,0
0,29.12,12.18,0
0,29.32,12.25,0
0,24.05,13.18,0
0,15.62,11.95,0
0,17.16,10.56,0
0,18.93,10.98,0
0,18.55,11.2,0
0,16.62,10.63,0
0,18.91,11.07,0
0,20.76,10.96,0
0,21.89,11.48,0
0,22.63,12.93,0
0,23.71,12.13,0
0,24.3,12.16,0
0,24.64,12.22,0
0,23.98,12.71,0
0,23.99,12.34,0
0,25.89,12.07,0
0,28.1,12.21,0
0,28.82,12.46,0
0,29.62,12.43,0
0,30.52,12.9,0
0,30.37,12.42,0
0,28.67,12.35,0
0,25.67,12.84,0
0,25.23,11.35,0
0,25.87,11.52,0
0,25.76,12.45,0
0,24.51,12.16,0
0,23.68,11.84,0
0,22.06,11.13,0
0,18.96,10.41,0
0,19.07,9.78,0
0,23.23,10.24,0
0,25.08,10.6,0
0,24.14,10.69,0
0,22.91,10.46,0
0,22.24,10.75,0
0,20.62,11.33,0
0,20.36,11.27,0
0,21,10.01,0
0,22.3,10.13,0
0,24.56,10.26,0
0,24.87,10.25,0
0,25.75,10.44,0
0,27.22,10.49,0
0.03,28.07,10.98,0
0,27.93,11.17,0
0.7,27.97,10.88,0
0.32,28.23,10.69,0
1.34,27.97,10.54,0
0.85,27.33,10.96,0
0,23.04,10.38,0
0,19.84,10.21,0
0,20.62,9.05,0
0,21.83,9.48,0
0,23.86,9.66,0
0,24.08,9.62,0
0,20.75,10.6,0
0,19.52,10.04,0
0,17.96,8.86,0
0.15,17.55,8.08,0
0,19.72,8.31,0
0,21.29,8.36,0
0,21.64,8.43,0
0,22.44,8.63,0
0,23.08,8.84,0
0,23.92,8.95,0
0,24.71,9.72,0
0,26.08,9.82,0
0,25.58,9.42,0
0,23.61,8.73,0
0,22.49,8.81,0
0,20.65,8.7,0
0,20.68,8.39,0
0,22.95,7.87,0
0,24.34,7.92,0
0,25.55,8.45,0
0,26.31,8.2,0
0.23,26.34,8.11,0
0,24.98,8.53,0
0,25.91,9.18,0
0,26.28,8.87,0
0,26.81,8.37,0
0,26.04,9.33,0
0,22.23,8.24,0
0,20.67,7.12,0
0,18.73,6.54,0
0,19.12,6.81,0
0.61,18.82,7.45,0
2.71,16.68,4.86,0
0,17.36,6.21,0
0,18.63,6.23,0
0,19.06,6.25,0
0,18.94,6.23,0
0,18.86,6.83,0
0,19.78,6.77,0
0,18.31,6.66,0
0.22,18.02,5.91,0
4.65,17.62,5.25,0
18.83,15.19,2.8,0
4.63,13.98,2.33,0
0.69,14.73,3.2,0
0.01,16.05,4.48,0
2.19,17.59,4.98,0
12.46,17.47,2.87,0
10.99,14.96,3.04,0
5.11,13.63,2.97,0.02
0.19,13.12,3.46,0.01
5.64,12.21,1.24,0
1.8,12.47,3.3,0
0.12,9.37,4.37,0
0,9.44,3.73,0
5.33,11.51,2.66,0
7.43,11.53,2.79,0
0.06,10.61,2.04,0
0.01,11.38,3.28,0
0,12.43,3.43,0
0,12.09,3.29,0
0,12.42,3,0
0,13.87,3.43,0
0,13.91,3.49,0
7.19,11.9,2.57,0
0,8.8,3.79,0
0,8.04,3.63,0
0.01,9.73,2.2,0
3.63,10.02,0.91,0
0,11.46,2.53,0
0,13.03,3.27,0
3.15,10.04,2.3,0
0.02,7.84,2.25,0
0,7.28,3.15,0
0.01,7.32,2.86,0
0,8.49,2.73,0
0,6.86,4.89,0
0,6.49,2.93,0
0,7.44,2.59,0
0.01,5.6,2.31,0
0,6.11,2.54,0
0.9,7.7,1.63,0
1.6,9.91,1.63,0
0,9.77,2.31,0
0,10.79,3.25,0
15.11,8.74,1.71,0
0.04,7.49,1.32,0.01
3.65,9.12,1.01,0
0.36,6.11,2.43,0.01
4.69,5.61,0.38,0
0.02,9.96,1.15,0
0,11.18,1.82,0
0.01,8.49,3.84,0
0,3.71,4.74,0
0,2.39,5.41,0
0,1.81,2.05,0
0.74,2.4,0.99,0
8.99,4.11,3.32,0
0,4.77,1.68,0
0.91,5,1.68,0
0,5.27,1.5,0
0,5.64,1.81,0
0,6.86,2.09,0
0.8,5.88,1.28,0
0,2.21,4.9,0
0,0.04,4.03,0
0,0.36,2.05,0
0,1.87,2.05,0
0.02,2.9,0.98,0
11.91,3.87,1.08,0
8.13,0.33,0.37,0
0.02,0.13,1.35,0
0,0.35,1.57,0
0,1.88,1.28,0
0.54,4.26,1.09,0
14.68,5.24,0.37,0
3.83,6.49,0.82,0
2.89,7.16,1.7,0.02
0,4.42,1.77,0.01
0.19,5.23,1.99,0
0.02,6.64,1.99,0
0,8,2.03,0
0.01,8.54,1.56,0
0.14,5.49,3.05,0
0,3.9,2.33,0
0,6.53,2.5,0
0,9.18,2.17,0
8.74,5.78,0.95,0
4.52,3.51,0.8,0
30.3,5.07,1.42,0.11
1.38,5.11,3.16,0.06
0.01,3.82,2.8,0.01
0,4.29,2.28,0.01
0,5.36,2.44,0.01
0,8.09,2.37,0.01
0,8.87,2.66,0.01
0,10.29,2.71,0.01
0,12.45,2.71,0
0,12.52,2.55,0
0,12.94,3.26,0
0.18,10.11,3.48,0
3.78,7.23,1.71,0
0.01,6.81,3.33,0
0,4.75,3.4,0
0.28,4.16,2.57,0
0.19,4.13,2.83,0
0,4.49,3.25,0
0,6.59,3.35,0
0,8.01,3.46,0
0,8.65,3.8,0
0,9.81,3.9,0
0,11.01,4,0
0,11.94,4.03,0
0,10.99,4.78,0
0,12.99,4.18,0
0,14.05,4.42,0
0,11.58,4.77,0
0,11.47,4.61,0
0,13.52,4.65,0
0,10.02,6.87,0
0,9.02,5.09,0
0,8.28,7.31,0
0,9.77,5.41,0
0,13.1,5.39,0
0,13.16,5.02,0
0,12.89,5.36,0
0,12.97,5.02,0
0,13.4,5.22,0
0,14.95,5.37,0
0.01,16.04,6.52,0
12.42,12.98,3.09,0
1.29,11.07,5.01,0
16.08,9.03,2.18,0.05
2.7,8.18,3.78,0.03
0,8.59,4.76,0.01
0,11.28,4.89,0
0.01,11.87,4.91,0
0,12.12,4.98,0
0,11.05,5.7,0
0,11.49,5.76,0
0,14.34,6.22,0
0,10.41,8.74,0
0,8.11,8.88,0
0,6.61,7.18,0
0,7.6,6.41,0
0,10.41,6.38,0
0,11.82,6.68,0
0,11.35,7.34,0
0,11.34,7.31,0
0,13.31,7.04,0
0,15.82,7.44,0
0,17.51,8.16,0
0,17.8,8.17,0
0,15.2,8.16,0
0,14.69,9.15,0
0,14.21,8.16,0
0,15.59,11.19,0
0,17.89,10.18,0
0,20.34,9.97,0
0,15.17,12.27,0
0,14.22,12.17,0
0,15.27,8.74,0
0,13.57,11.55,0
0,13.65,8.94,0
0,15.12,8.93,0
0,16.48,9.11,0
0,16.27,8.92,0
0,15.47,10.34,0
0,18.24,9.64,0
0,21.49,8.3,0
0,18.63,10.35,0
0,16.74,12.05,0
0,19.72,10.68,0
0,22.39,10.67,0
0,22.45,11.33,0
0,18.87,9.83,0
4.37,14.35,6.94,0
11.9,8.91,3.35,0
2.95,9.72,3.14,0
0.2,11.5,4.32,0
0.01,12.33,8.09,0
0.15,12.74,7.44,0
10.85,9.92,3.78,0
2.13,8.92,6.69,0
7.57,8.87,4.89,0
0.53,8.12,5.19,0
4.24,8.71,5.26,0
0,11.76,7.28,0
0,13.68,8.04,0
0,16.71,8.69,0
0,14.62,8.48,0
0,13.2,8.3,0
0,13.89,9.3,0
0.17,8.93,11.07,0
0,10.2,12.08,0
0,14.17,10.11,0
0,15.07,9.89,0
0,11.94,10.2,0
2.4,7.56,8.12,0
0.06,8.95,7.02,0
10.24,9.51,4.19,0
0.02,12.07,8,0
0,15.56,8.82,0
0,20.11,10.37,0
0,23.94,11.19,0
0.04,21.47,11.22,0
0,17.85,13.33,0
0,20.75,12.23,0
0,22.02,11.44,0
0.16,16.8,9.29,0
0,13.78,11.55,0
0,17.36,12.18,0
0,21.76,11.97,0
0,24.67,12.12,0
0,26.02,13.51,0
0,24.44,12.47,0
0,23.72,12.69,0
0,22.29,12.6,0
0.01,20.31,12.19,0
0,19.04,12.29,0
0,18.24,12.01,0
0.01,16.88,10.31,0
0.34,10.22,11.64,0
0,13.39,11.37,0
0,18.03,10.89,0
0,21,10.82,0
0,23.98,11.52,0
0,21.77,12.07,0
0,15.29,11.48,0
0,11.96,10.64,0
1.75,10.61,9.37,0
0.92,12.22,9.72,0
0,14.85,10.54,0
0,17.8,11.03,0
0,19.23,11.12,0
0,20,12.22,0
0,21.17,13.03,0
0,24.87,12.34,0
0,26.03,12.8,0
0,24.12,13.01,0
0,21.33,12.91,0
0.01,22.66,12.21,0
0,27.46,13.17,0
1.39,28.02,11.73,0
12.86,23.17,10.4,0
3.06,21.59,9.38,0
0.04,25.16,11.1,0
0.11,26.9,10.76,0
1.6,23.04,11.61,0
2.51,21.94,11.01,0
0,24.61,13.94,0
0,24.77,14.11,0
0,24.63,14.07,0
0,24.21,14,0
0,25.8,11.98,0
0,26.82,12.78,0
0,27.08,12.74,0
0,25.42,12.93,0
0,22.85,13,0
0,23,13.55,0
0,24.72,12.49,0
0,26.66,12.46,0
0,27.54,12.69,0
0,28.67,12.67,0
0,28.54,13.24,0
0,24.54,13.67,0
0,24.27,13.04,0
0,25.01,12.55,0
0,25.96,13.49,0
0,25.99,13.5,0
0,28.95,13.93,0
0,31.81,12.55,0
0,31.45,13.62,0
0,30.46,12.88,0
0,29.39,13.21,0
0,30.49,12.27,0
0,30.3,13.71,0
0.09,29.93,13.98,0
0.71,29.46,13.17,0
0.14,30.07,12.57,0
0,30.52,12.96,0
0.01,30.36,13.05,0
0,30.02,13.39,0
0,30.27,12.66,0
0,28.3,13.26,0
0,26.71,12.48,0
0,26.85,11.67,0
0,25.47,12.26,0
0,25.09,11.71,0
0,26.49,10.99,0
0,25.09,11.9,0
0,22.14,11.35,0
0,23.38,11.3,0
0,25.25,11.65,0
0,26.15,11.75,0
0,24.35,12.17,0
0,23,11.75,0
0,22.06,11.22,0
0,21.31,10.96,0
0,21.28,10.91,0
0,21.39,12.02,0
0,23.49,10.73,0
0,26.03,11.21,0
0,27.3,11.47,0
0,26.16,11.46,0
0,23.74,12.53,0
0,23.67,11.39,0
0,24.12,11.02,0
0.04,26.99,11.03,0
0,28.58,11.24,0
0.02,29.63,11.24,0
0,30.04,11.52,0
0,28.58,12.11,0
0,28.84,11.92,0
0,29.63,11.4,0
0,29.9,11.11,0
0,29.64,11.29,0
0,29.37,11.72,0
0,29.36,12.6,0
0,30.55,12.01,0
0.5,31.46,10.79,0
0,30.76,10.95,0
0,29.68,10.9,0
0,28.59,10.88,0
0,25.42,10.76,0
0,23.86,10.06,0
0,23.77,9.54,0
0,23.4,9.4,0
0,20.88,9.27,0
0,21.3,9.45,0
0,22.4,9.2,0
0,22.42,8.88,0
0,21.6,8.96,0
0,21.56,9.48,0
0,20.73,9.81,0
0,21.42,9.21,0
0.48,14.72,6.36,0
0.01,15.68,6.07,0
0,18.06,7.81,0
0,20.49,8.19,0
0,18.24,7.8,0
0,17.57,7.62,0
0,18.84,8.04,0
0,19.64,9.01,0
0,21.56,8.43,0
0,24.24,8.18,0
0,25.67,8.2,0
0,23.8,8.23,0
0,21.66,7.52,0
0,22.39,7.76,0
0,21.72,7.1,0
0,19.21,7,0
0,17.15,6.6,0
0,17.41,6.47,0
0,20.39,7.15,0
0,21.66,7.61,0
0,21.05,7.88,0
0,18.23,7.16,0
0,17.29,6.35,0
0.11,14.56,5.28,0
0.22,15.65,6.22,0
0,18.4,6.43,0
0,22.32,6.58,0
0,23.81,6.6,0
0,23.87,6.6,0
0,21.59,6.68,0
0,22.25,6.34,0
0,22.1,6.26,0
0,21.41,6.36,0
0,21.4,6.1,0
0,19.57,5.98,0
0,19.92,5.86,0
0,19.07,5.76,0
0.01,15.9,4.71,0
0,14.03,4.03,0
0,14.29,4.55,0
0,15.4,5.22,0
0,19.17,5.69,0
0.01,15.69,5.25,0
0.09,14.05,4.28,0
0,16.11,4.95,0
0,17.1,5.59,0
0,18.32,4.99,0
0,15.48,5.16,0
0,13.51,4.35,0
0.04,10.64,4.32,0
0.46,11.34,3.98,0
2.12,11.87,2.81,0
0,11.45,4.51,0
0.06,12.59,3.64,0
3.98,11.04,2.12,0
0.85,7.4,4.11,0
0.01,8.43,3.81,0
0.72,9.55,2.47,0
0.04,7.09,4.26,0
0,6.26,4.45,0
0,7.64,3.91,0
0,8.29,3.59,0
0,9.74,3.37,0
0.03,12.42,2.88,0
5.46,9.47,2.33,0
2.65,5.89,3.7,0
3.09,7.55,1.59,0
0.05,8.07,2.98,0
0,8.6,2.85,0
0,9.2,2.92,0
0,9.22,3.32,0
0,11.75,3.28,0
0,13.46,3.54,0
0,12.59,3.07,0
0,13.59,3.5,0
0,11.73,3,0
0,10.93,3.52,0
0,11.96,3.41,0
0,10.25,5.08,0
0,8.77,3.45,0
0,11.1,3.25,0
0,12.58,3.39,0
0,12.83,3.41,0
0,13.84,3.51,0
0,13.56,3.5,0
0,11.33,3.23,0
7.76,3.56,2,0
7.57,3.76,1.56,0
6.01,4.39,1.31,0
1.35,4.82,2.21,0
1.96,5.15,0.85,0
10.31,6.33,0.81,0
1.31,3.49,2.07,0
3.13,2.66,0.51,0
0.33,2.54,2.28,0
16.68,5.19,2.04,0
2.7,0.61,1.76,0
0.01,-0.77,1.98,0
1.07,-0.76,0.79,0
1.63,0.1,0.92,0
0,0.35,1.61,0
1.89,2.61,1.88,0
0.27,2.6,1.5,0
0,2.21,2.08,0
0,3.91,1.99,0
0,6.14,2.12,0
0,6.58,2.15,0
4.54,3.33,0.79,0
0.54,0.64,2.64,0
2.57,0.48,1.64,0
0,1.11,1.98,0
0.01,4.94,0.95,0
0.35,5.92,1.66,0
0,3.74,4,0
0,4,2.41,0
0,5.46,2.3,0
0,3.02,3.01,0
0,2.62,2.73,0
0,4.98,2.24,0
0,6.47,2.53,0
0,8.6,2.71,0
0,10.9,2.88,0
0,12.41,2.78,0
0,12,3.28,0
0.01,9.19,2.68,0
7.99,5.89,0.83,0
0.01,5.39,3.32,0
0,4.66,3.15,0
0,7.33,3.05,0
0,7.94,2.98,0
0,6.86,2.92,0
0,9.07,3.19,0
0,12.01,3.71,0
0,11.29,3.58,0
0.09,6.49,2.59,0
0.05,4.06,3.42,0
5.97,3.01,1.24,0
3.95,1.31,3.63,0
0.26,-2.08,3.54,0
0,-1.27,3.08,0
0,-0.2,3.19,0
8.19,0.67,0.84,0
2.95,5.66,1.77,0
0.02,5.21,3.1,0
0,3.97,3.28,0
0.01,4.05,3.55,0
0.05,3.88,3.3,0
0,5.07,3.44,0
0,7.19,3.75,0
0,8.02,3.9,0
0,9.87,3.74,0
0.59,8.45,2.47,0
0.04,9.16,2.73,0
0,8.82,4.27,0
0,12.76,5.06,0
0,15.46,5.24,0
0,12.98,4.65,0
0,14.06,3.88,0
0.21,15.38,5.97,0
0.01,14.96,5.6,0
0,13.76,7.11,0
0,9,5.8,0
4.41,9.49,4.86,0
6.58,7.69,3.16,0
0.13,5.02,6.75,0
1.26,6.71,2.58,0
0,12.25,3.76,0
2.24,13.3,2.88,0
2.87,14.41,4.26,0
1.83,15.35,4.88,0
0.17,12.57,5.37,0
0.19,13.51,4.61,0
0.85,15.14,5.29,0
0,13.12,6.98,0
0,10.55,6.78,0
0,10.64,7.33,0
0,12.39,6.39,0
2.55,8.23,3.06,0
0,8.83,6.6,0
0,12.14,6.18,0
0.35,12.9,4.02,0
0,13.76,8.23,0
0,15.02,7.71,0
0.12,15.74,7.01,0
0.74,14.11,6.76,0
5.72,11.01,3.29,0
7.29,8.62,3.62,0
0,8.09,6.8,0
0,11.7,6.91,0
0.04,14.78,6.38,0
0,13.59,8.98,0
0,14.45,8.39,0
0.07,15.16,7.24,0
0,12.88,9.81,0
0,13.89,8.03,0
0,15.27,10.81,0
0,17.41,10.62,0
0,21.54,9.39,0
0,23.16,10.35,0
0,24.2,10.41,0
0,24.11,10.45,0
0,25.14,10.25,0
0,23.65,11.06,0
0,20.83,10.94,0
0,20.84,8.14,0
0,21.2,9.67,0
0,21.24,9.23,0
0,21.1,9.6,0
0,20.28,7.65,0
0,20.08,9.66,0
0,21.26,9.87,0
0,21.55,10.09,0
0.2,19.56,10.1,0
0.01,14.52,9.45,0
0,11.89,9.83,0
0.23,10.68,7.96,0
3.53,8.09,7.61,0
7.3,8.05,5.34,0
1.03,10.42,6.47,0
0,12.32,9.08,0
0,14.8,9.33,0
0.18,16.3,8.99,0
1.57,15.67,7.57,0
0,17.48,10.29,0
0,19.94,11.53,0
0,21.34,12.64,0
0,23.38,12.39,0
0,24.36,11.29,0
0.06,24.6,10.9,0
0,24.38,11.02,0
0.16,24.24,12.57,0
6.96,16.81,8.18,0
0.66,10.23,8.08,0
0,12.33,8.58,0
0,14.4,9.49,0
0,14.34,9.7,0
1.37,14.88,8.91,0
0.29,15.61,9.24,0
0,19.81,10.75,0
0,19.21,10.84,0
0,17.08,11.84,0
0,18.54,11.56,0
0,19.83,11.32,0
0,18.91,11.94,0
0,16.9,11.23,0
0.05,14.4,10.35,0
0,14.23,11.96,0
0,15.82,11.69,0
0,18.94,11.6,0
0,17.89,11.65,0
0,14.94,12.03,0
0,14.17,10.71,0
0,16.58,11.79,0
0,20.33,11.62,0
0.03,23.54,11.39,0
0.01,24.8,13.05,0
0,20.79,12.24,0
0,15.65,9.41,0
0.03,17.5,9.27,0
0,20.34,10.71,0
0,20.99,11.26,0
0,21.71,11.27,0
0,21.74,11.92,0
0,20.48,11.51,0
0,21.61,11.36,0
0,23.13,12.52,0
0,24.92,13.4,0
0,26.03,13.47,0
0,25.36,12.4,0
0,23.08,12.77,0
0,25.33,14.35,0
0,26.98,13.78,0
0,25.76,14.34,0
0,25.02,14.64,0
0,26.06,12.92,0
0,27.93,12.83,0
0,22.06,13.91,0
0,19.21,11.73,0
0,21.16,11.1,0
0.5,22.94,11.21,0
0,21.47,12.11,0
0,19.82,12.25,0
0,18.83,11.06,0
0,20.35,11.1,0
0,22.4,12.62,0
0,23.79,12.88,0
0,25.59,13.44,0
0,26.84,13.6,0
0,28.87,14.06,0
0,31.33,14.7,0
0,32.55,15.74,0
0,31.13,15.32,0
0,26,14.26,0
0,23.98,13.23,0
0,23.46,13.38,0
0,24.49,12.41,0
0,25.96,12.71,0
0,26.34,14.1,0
0,23.92,14.21,0
0,23.96,12.85,0
0,26.62,12.69,0
0,28.32,13.12,0
0,29.26,14.13,0
0,29.83,13.95,0
0,28.74,13.75,0
0,27.68,14.03,0
0,27.45,13.15,0
0,27.75,12.68,0
0,28.12,13.1,0
0,26.06,13.49,0
0,26.75,12.49,0
0,27.34,12.3,0
0,26.11,12.53,0
0,25,12.79,0
0,22.88,14.3,0
0,22.35,12.66,0
0,23.55,12.08,0
0,24.18,11.95,0
0,24.35,11.95,0
0,25.11,12.46,0
0.04,26.5,11.8,0
9.9,25.43,9.95,0
5.65,24.47,9.92,0
0.29,25.42,10.23,0
0,25.19,11.23,0
0,24.48,11.53,0
0,24.79,11.18,0
0,26.55,11.73,0
0,27.61,11.69,0
0,26.99,12.01,0
0,23.43,11.95,0
0,21.22,11.22,0
0,22.18,10.45,0
0,22.84,10.29,0
0,21.48,10.67,0
0,21.8,10.07,0
0,22.95,10.22,0
0,20.18,10.52,0
0,20.98,10.88,0
0,22.01,10.03,0
0,22.22,10.33,0
0,23.26,10.08,0
0,25.05,10.17,0
0,23.14,10.6,0
0,19.89,10.85,0
0,21.67,9.69,0
0,22.97,9.94,0
0,24.29,10.09,0
0,25.28,10.14,0
0,25.67,10.02,0
0,25.82,10.28,0
0,22.87,11.1,0
0,19.45,9.55,0
0,21.16,9.28,0
0,21.8,9.49,0
0,21.58,9.74,0
0,21.19,9.8,0
0,22.64,9.03,0
0,24.51,9.21,0
0,25.87,10.15,0
0,26.29,9.16,0
17.64,19.5,4.28,0
1.11,14.65,6.04,0
9.55,11.83,3.85,0
0,13.28,5.57,0
0,16.68,6.31,0
0,19.6,7.17,0
0,22.27,7.47,0
0,23.45,8.39,0
0,20.98,7.52,0
0.24,20.75,7.49,0
0,20.45,7.73,0
0,18.82,7.68,0
16.09,16.58,2.96,0
6.45,16.63,6.25,0
0,14.96,6.71,0
0,16.42,6.05,0
0,12.75,6.02,0
0.03,13.18,6.02,0
0,14.3,6.66,0
0,17.23,6.52,0
0,18.31,6.51,0
0,18.57,7.11,0
0,20.74,6.84,0
0,21.95,6.85,0
0,21.22,6.57,0
0,20.62,6.87,0
0,19.93,6.72,0
0,18.6,6.73,0
0,16.64,6.87,0
0,15.03,6.8,0
0,16.35,6.12,0
0,19.35,6.42,0
0,22.24,6.77,0
0,21.8,7.87,0
0.03,15.04,5.71,0
7.46,13.13,2.95,0
1.76,13.9,3.61,0
3.64,13.82,4.89,0
1.49,12.62,4.33,0
1.53,9.33,5.35,0
0,9.15,4.31,0
0.01,10.7,3.99,0
0,10.04,5.25,0
0,11.63,5.16,0
0,12.45,5.03,0
0,12.68,5.08,0
0,13.58,5.1,0
0,13.92,4.89,0
0,14.7,4.86,0
0,16.67,4.86,0
0,15.25,5.26,0
0,12.39,4.54,0
0,12.02,5.08,0
0,12.73,4.58,0
0,15.16,4.68,0
0,16.87,4.95,0
0,18.21,4.74,0
0,16.4,4.36,0
0,13.49,3.33,0
0,12.78,4.32,0
0,14.07,3.74,0
0,13.76,4.68,0
0,13.84,4.69,0
0,16.16,4.65,0
0,16.56,4.4,0
0,16.2,4.47,0
0,15.78,4.42,0
0,13.83,3.55,0
0,11.25,3.92,0
0.13,11.12,2.27,0
6.32,10.03,2.72,0
0.25,7.38,3.88,0
0,6.21,3.5,0
0,9.34,3.65,0
0,10.58,4.31,0
0,10.62,3.45,0
0,9.92,3.36,0
0,11.66,3.54,0
0,12.89,3.6,0
0,13.13,3.68,0
0,13.09,2.96,0
0,11.91,3.57,0
0,13.41,3.36,0
0,14.76,3.18,0
0,13.05,3.39,0
0,9.69,3.26,0
0,8.62,3.2,0
0,9.2,3.28,0
0,8.09,3.03,0
0,10.28,3.43,0
0,11.07,3.06,0
0,9.19,3.13,0
0,8.91,2.96,0
0.02,6.06,1.94,0
0,6.97,2.52,0
0,8.09,2.76,0
0,8.32,2.84,0
0,9.79,3.12,0
0,11.04,3.26,0
0,12.48,3.31,0
0,12.91,3.33,0
0,13.49,3.1,0
0,10.93,3.19,0
1.84,5.83,1.03,0
0,5.81,3.41,0
0,8.44,3.21,0
0,10.42,2.99,0
4.25,5.94,1.76,0
0.6,5.42,4.45,0
0,4.03,3.07,0
0.05,4.8,2.95,0
0,6.66,2.86,0
0,8.24,2.56,0
0,9.77,2.66,0
0,10.81,2.29,0
0,12.72,3.02,0
0,16.01,3.32,0
0.02,13.1,3.66,0
4.7,9.62,1.61,0
11.72,8.02,1.98,0
3.9,6.33,1.74,0
1.24,5.88,1.57,0
6.83,3.55,1.23,0
0.54,3.15,2.27,0
0,4.35,2.44,0
0,4.58,2.44,0
0,5.26,2.69,0
0,6.86,3.07,0
0,7.48,2.73,0
0,8.13,3.3,0
0,8.22,3.39,0
0,10.93,3.46,0
0,7.17,4.2,0
0,5.52,4.81,0
0,7.16,3.67,0
0,7.17,3.25,0
2.91,5.85,1.59,0
0.93,5.22,3.56,0
2.58,4.93,4.06,0
0,5.95,3.56,0
1.5,7.09,4,0
2.52,5.01,4.54,0
0,4.68,3.59,0
4.51,3.25,0.74,0
0,2.98,5.48,0
0.01,3.93,3.19,0
0,6.65,2.77,0
0,8.64,3.43,0
0.05,12.03,3.52,0
0,10.21,4.22,0
0.12,3.24,5.92,0
0,-0.02,6.61,0
0,1.27,3.75,0
21.81,2.82,1.35,0
2.89,2.2,2.3,0
1.3,1.28,3.35,0
0,3.42,4.01,0
0,5.94,3.33,0
0,8.74,4.03,0
0,12.22,4.8,0
0,14.05,4.61,0
0,14.04,4.5,0
0,15.04,4.5,0
0,14.06,4.77,0
0.02,13.11,4.7,0
0,13.44,4.84,0
0,12.93,4.34,0
7.51,11.48,2.72,0
0.1,11.5,4.4,0
0.92,8.9,4.95,0
0.01,6.66,5.82,0
0,9.11,5.29,0
0,11.62,5.49,0
0.01,8.63,4.63,0
0,9.27,5.3,0
1.27,7.5,3.51,0
1.18,4.35,6.44,0
3.95,3.18,4.02,0
0.02,4.72,5.82,0
0,7.91,5.61,0
0.07,11.27,5.95,0
0,14.53,6.79,0
0,15.42,7.18,0
0,15.41,7.09,0
0,15.28,5.01,0
0,17.37,8.31,0
0,17.78,8.38,0
0,17.45,8.43,0
0,16.5,8.55,0
0,16.62,8.06,0
0,14.86,9.01,0
0,14.08,8.92,0
0.2,13.67,7.46,0
0,12.35,8.13,0
0,13.55,8.11,0
0.16,13.54,7.66,0
0,15.21,8.55,0
0,15.78,8.31,0
0,16.29,9.16,0
0.22,18.39,9.76,0
0.36,17.27,8.84,0
0.01,16.47,8.8,0
0.43,15.64,8.17,0
2.26,12.82,6.41,0
0.1,12.62,6.13,0
0,15.49,8.96,0
0,19.44,9.17,0
0,18.71,11.51,0
0,19.99,11.21,0
0,22.48,9.63,0
0,20.73,10.45,0
0,15.25,9.34,0
4.5,12.59,6.87,0
1.19,13.43,5.74,0
0,15.29,7.4,0
0.64,15.23,7.74,0
0.48,15.5,8.8,0
0.03,15.5,8.76,0
0.3,14.77,8.8,0
2.97,12.64,6.05,0
0,13.39,10.57,0
0,17.52,11.31,0
0,19.98,12,0
0,21.76,11.07,0
0,19.94,12.49,0
0,13.91,12.88,0
0.01,14.12,11.76,0
0,16.99,11.56,0
0,19.7,10.95,0
0,21.7,11.26,0
0,24.69,11.3,0
0,26.17,12.15,0
0,24.85,12.95,0
0,22.71,12.24,0
0,20.55,11.45,0
0,15.04,10.98,0
0,14.49,9.7,0
0,15.63,10.78,0
0,16.63,11.07,0
0,18.03,10.94,0
0,16.34,11.56,0
0,16.59,10.99,0
0,19.51,10.33,0
0,17.16,11.72,0
0,14.71,11.01,0
0,13,10.46,0
0.03,15.04,8.57,0
0,17.21,8.71,0
0,17.86,10.55,0
3.83,13.52,7.2,0
0,13.46,11.16,0
0,16.1,10.3,0
0,17.04,10.76,0
21.84,12.86,2.78,0
8.28,13.14,7.01,0
0,13.36,9.12,0
0.6,13.59,8.41,0
0,12.95,8.72,0
0,14.63,10.64,0
0,19.59,10.68,0
0,21.53,11.65,0
0,22.05,12.53,0
0,21.95,13.51,0
0,21.86,12.19,0
0,22.72,13.06,0
0,25.94,12.99,0
0.49,24.5,11.36,0
0.13,21.87,12.71,0
0,20.99,12.71,0
0,21.05,13.65,0
0,16.32,12.21,0
0,15.28,10.37,0
0,17.22,10.63,0
0,19.63,11.48,0
0.45,21.39,11.97,0
0,20.63,12.48,0
0,24.98,12.83,0
0,29.01,12.98,0
0,27.9,13.47,0
0,23.97,13.34,0
0,24.69,12.05,0
0,25.13,12.81,0
0,26.24,13.27,0
0,27.15,13.75,0
0,26.19,14.15,0
0,24.76,14.41,0
0,26.02,12.64,0
0,27.09,12.39,0
0,27.81,13.19,0
0.05,25.09,14.49,0
0,23.82,12.69,0
0,22.87,12.83,0
0,22.68,12.79,0
0,23.23,12.42,0
0,24.46,12.36,0
0,23.83,12.64,0
0,25.4,12.25,0
0,29.01,13.02,0
0,30.54,12.6,0
0,32.37,14.91,0
0.01,32.53,13.88,0
0,31.03,13.87,0
0.01,27.84,14.63,0
0.12,26.91,13.38,0
0.02,27.2,12.48,0
0,28.8,13,0
0,29.03,13.99,0
0,29.43,13.55,0
0,29.63,13.19,0
0,28.64,13,0
0,26.72,13.12,0
0,23.87,13.51,0
0,22.05,12.4,0
0,23.92,11.76,0
0,25.7,11.75,0
0,26.52,11.89,0
0,27.33,12.1,0
0,27.74,12.16,0
0,26.89,11.79,0
0,26.02,11.71,0
0,25.66,12.08,0
0,26.47,11.53,0
0,27.97,11.94,0
0,30.14,12.89,0
0.64,31.79,11.88,0
1.67,30.5,12.57,0
2.69,30.84,12.03,0
0.44,30.37,11.46,0
0,30.1,11.9,0
0,29.97,12.52,0
0,29.37,12.77,0
0,27.8,12.51,0
0,24.53,12.28,0
0,21.53,11.2,0
0,21.79,11.56,0
0,21.95,10.8,0
0,20.05,10.08,0
0,19,10.41,0
0,20.14,10.21,0
0,21.61,10.33,0
0,23.53,11.05,0
0,24.38,10.96,0
0,19.76,11.36,0
0,17.19,10.18,0
0,17.87,9.76,0
0,20.58,10.13,0
0,23.76,10.8,0
0,24.83,10.8,0
0,22.59,11.88,0
0,22,11.04,0
0,22.9,10.8,0
0,23.61,10.36,0
0,23.38,11.41,0
0,23.55,10.75,0
0,24.33,10.46,0
0,24.85,10.29,0
0,25.22,11.32,0
0,24.49,11.61,0
0,25.62,10.62,0
0,27.27,9.96,0
0,25.72,10.51,0
0,25.41,11.27,0
0,24.61,11.1,0
0,21.68,10.77,0
0,20.9,10.17,0
0,20.89,9.41,0
0,19.92,9.25,0
0,20.08,9.24,0
0,20.34,9.06,0
0.68,23.24,8.71,0
1.6,20.39,6.84,0
6.56,18.49,6.16,0
16.92,16.95,5.7,0.22
2.36,17.79,5.89,0
0.13,17.61,6.71,0
0.06,17.61,6.93,0
0.39,17.95,7.03,0
0,19.19,6.93,0
0,21.65,7.18,0
0,23.12,7.39,0
0,24.05,8.23,0
0,20.47,8.19,0
0,21.81,7.71,0
0,23.54,8.1,0
0,20.3,7.8,0
0,17.99,7.17,0
0,16.6,8.87,0
0,17.81,7.37,0
0,20.05,7.4,0
0,20.32,7.26,0
0,20.72,7.27,0
0,20.61,7.23,0
0,19.14,7,0
0,20.28,6.84,0
0,19.6,7.21,0
0,18.15,7.55,0
0,18.75,6.52,0
0.17,17.59,6.92,0
0.29,14.27,7.36,0
0,14.07,7.15,0
0,16.86,6.32,0
0,18.23,6.52,0
0,17.99,6.2,0
0,20.6,6.32,0
0,22.03,5.83,0
0,20.26,6.49,0
0,20.88,5.96,0
0,19.2,6.13,0
0,16.77,5.73,0
0,15.21,5.65,0
3.84,11.98,2.77,0
0,9.06,6.06,0
0,8.98,6.62,0
0,10.69,5.15,0
0,13.47,5.12,0
0,13.17,4.82,0
0,10.29,6.76,0
0,9.64,5.17,0
0,13.86,5.05,0
0,15.77,4.68,0
0,16.8,4.96,0
0,18.49,4.83,0
0,18.49,5.24,0
0,18,5.57,0
0,13.28,4.27,0
0,12.83,4.24,0
0.14,13.94,2.87,0
0,14.47,4.27,0
0,11.99,3.74,0
3.07,10.06,2.94,0
0.02,6.91,4.86,0
0,7.57,3.25,0
0,9.2,3.73,0
0,12.57,4.16,0
0,14.29,4.15,0
2.75,11.97,4.07,0
0,5.91,5.78,0
0,5.49,3.66,0
0,7.47,3.43,0
0,11.21,3.62,0
0,9.51,3.95,0
0,8.21,4.38,0
0,7.03,3.83,0
0,9.85,3.42,0
0,11.57,3.56,0
0,9.39,3.33,0
0,10.95,3.4,0
0,13.4,3.29,0
0,13.62,3.75,0
0,14.37,3.75,0
1.18,13.06,4.51,0
5.25,8.72,2.07,0
0.03,7.91,2.38,0
0,5.63,3.28,0
0,4.25,2.71,0
4.74,2.86,2.09,0
0.01,1.73,2.03,0
0,3.91,2.32,0
0.02,5.91,2.1,0
4.91,2.25,2.02,0
0.16,-2.08,3.05,0
0.01,-4.41,2.53,0
0,-4.8,2.3,0
0,-1.93,2.3,0
0,-0.17,2.34,0
0,1.32,2.32,0
0,2.19,2.3,0
0,4.03,2.23,0
0,2.61,1.95,0
0,1.16,2.79,0
0,2.35,2.32,0
0,4.88,2.64,0
0,6.59,2.63,0
0,7.97,2.48,0
0.81,6.44,0.95,0
0.01,7.11,2.26,0
0,6.36,2.22,0
0,6.74,2.31,0
0.12,6.52,1.5,0
0.49,6.29,1.37,0
7.75,5.47,0.87,0
0,7.54,2.22,0
0,9.61,2.12,0
0,9.39,2.68,0
0.05,9.81,2.43,0
0.02,9.52,2.64,0
0,9.99,3.58,0
0,8.2,3.41,0
0,9.66,3.5,0
0,11.01,3.56,0
0.02,8.26,3.23,0
0.1,8.49,3.63,0
0.18,6.98,3.5,0
0,7.42,3.76,0
0,9.35,3.66,0
0,8.39,3.6,0
0,7.45,3.65,0
0,6.29,3.4,0
0,6.99,3.9,0
0,6.56,3.87,0
0,7.55,3.69,0
0,9.66,4.3,0
0,11.04,3.63,0
0,11.87,5.27,0
6.87,8.24,0.77,0
0.02,11.2,3.29,0
0.96,13.26,3.98,0
3.47,10.62,2.96,0
0,10.71,3.84,0
0,13.85,4.5,0
0,13.94,4.49,0
0,13.07,4.55,0
0,12.66,4.47,0
0,11.89,4.08,0
0,12.04,5.12,0
0,13.62,5.19,0
0,15.82,5,0
0,16.53,5.24,0
0.14,11.91,5.82,0
0.03,9.79,6.07,0
0,10.41,6.3,0
0,13.27,5.4,0
0,15.16,5.75,0
0,16.3,6.36,0
0,12.32,6.13,0
0,12.96,6.07,0
0,15.05,6.11,0
0,15.91,6.42,0
0.01,13.5,6.31,0
23.67,9.73,1.73,0
15.55,9.24,2.53,0
7.14,8.52,3.65,0.08
1.13,8.74,4.3,0.08
4.75,9.73,2.65,0.07
20.73,11.06,0.83,0.55
1.57,7.1,3.3,0.95
0,5.53,5.27,0.01
0,6.75,4.72,0
0,9.35,5.17,0
0,9.48,5.73,0
2.58,5.5,4.17,0
0,4.77,5.74,0
0.46,6.82,4.82,0
6.94,6.38,4.18,0
0.03,5.03,4.62,0
1.99,3.05,3.95,0
0.01,4.78,4.39,0
27.47,5.41,1.71,0.17
36.04,4.3,1.31,0.62
11.08,5.02,3.3,1.15
12.08,4.73,3.45,2.24
1.35,5.42,4.51,0.32
0.01,6.77,3.8,0.09
0.47,7.16,5.03,0.04
20.68,6.75,3.08,0.47
4.22,4.55,3.62,0.95
9.7,2.5,1.39,1.01
0.9,5.38,5.65,0.33
0,8.53,5.5,0.18
0,10.88,5.79,0.12
0,13.57,6.33,0.07
0.03,10.93,5.95,0.04
0.61,9.48,3.96,0.03
0,10,6.26,0.03
0,12.74,7.44,0.02
0,15.89,7.52,0.02
0,15.63,7.44,0.01
0.03,13.06,6.68,0.01
0,10.44,9.47,0.01
0,11.67,9.31,0.01
0,14.44,8.61,0.01
0,9.83,11.3,0.01
0,8.81,12.27,0.01
0,11.05,8.82,0.01
0,14.12,8.31,0.01
0,13.17,8.15,0.01
0,10.13,8.75,0
0,9.45,8.3,0
0,10.9,8.51,0
0,12.43,8.38,0
0,11.8,7.52,0
11.29,9.61,3.06,0
0.92,11.41,5.23,0
0.11,12.76,7.95,0
0,11.87,8.26,0
0.77,11.26,6.47,0
0.11,10.04,8.47,0
0.03,12.9,9.31,0
0,14.36,12.06,0
0,16.38,11.78,0
0,17.75,10.95,0
0,17.01,11.49,0
2.52,8.39,8.41,0
0.01,9.9,6.95,0
0,12.25,8.91,0
0,15.82,9.62,0
0,19.41,10.57,0
0,19.29,13.45,0
0,19.67,11.91,0
0.11,14.91,11.14,0
0,10.27,10.9,0
0,12.6,11.47,0
0,14.01,9.85,0
0,15.57,9.85,0
2.08,13.47,8.89,0
0,13.85,10.41,0
0,18.46,10.67,0
0.01,17.14,10.2,0
0.01,9.99,10.16,0
0,10.15,7.7,0
0,12.65,9.47,0
0,15.44,10.06,0
0,16.93,10.38,0
0,19.63,10.48,0
0,22.85,11.12,0
0.12,23.95,11.17,0
0,22.68,13.99,0
0,18.18,12.96,0
0,18.36,12.6,0
0,18.83,11.87,0
0,17.19,12.74,0
0.05,14.45,10.86,0
0,18.42,14.85,0
0,20.95,11.05,0
0,21.24,11.53,0
0,21.85,11.46,0
0,22.7,12.5,0
0,21.09,11.9,0
0,20.5,11.94,0
0,22.08,11.64,0
0,23.43,11.42,0
0,25.48,11.98,0
0,27.65,12.3,0
0,26.9,13.07,0
0,23.25,13.31,0
0,21.22,12.71,0
0,21.2,12.47,0
0,22.52,12.59,0
0,22.86,13.56,0
0,24.18,12.31,0
0.16,22.94,12.89,0
0,18.11,12.87,0
0,19.37,12.87,0
0,18.45,12.88,0
0,18.39,12.35,0
0,18.36,11.64,0
0,16.5,11.09,0
0,17,11.27,0
0,18.16,10.62,0
0.84,15.65,8.06,0
1.06,14.32,5.79,0
0.35,17.63,8.58,0
0,22.41,12.3,0
0,27.14,11.9,0
0,30.31,12.53,0
0,31.72,13.82,0
0,32.37,13.58,0
0,30.69,13.42,0
0,28.2,13.79,0
0,27.03,12.47,0
0,25.78,12.37,0
0,24.42,12.03,0
0,24.33,12.26,0
0,25.74,11.91,0
0,27.25,12.28,0
0,26.31,13.91,0
0,25.16,12.92,0
0,23.43,12.53,0
0,23.1,11.84,0
0,23.87,12.54,0
0,23.49,11.8,0
0,20.79,11.39,0
0,22.19,11.06,0
0,24.35,11.22,0
0,26.33,11.58,0
0,26.9,12.12,0
0,25.77,12.09,0
0,24.62,11.97,0
0,25.8,11.44,0
0,26.87,11.89,0
0,28.07,11.76,0
0,29.23,11.72,0
0.08,29.26,11.92,0
0,26.94,12.93,0
0,26.49,12.72,0
0,24.58,12.28,0
0,22.88,11.44,0
0,20.2,11.12,0
0,20.28,10.51,0
0,20.7,10.26,0
0,22.9,10.72,0
0,25.66,11.93,0
0,26.14,11.95,0
0,25.41,11.69,0
0,25.47,12.44,0
0.21,24.99,10.18,0
0.13,26.43,11.85,0
0.78,22.59,8.73,0
0.75,22.9,8.42,0
0,24.38,10.16,0
0,24.49,10.31,0
0,23.97,10.35,0
0,24.01,10.56,0
0,24.86,10.82,0
0,25.64,11.36,0
0,25.81,11.77,0
0,26.56,10.73,0
0,27.51,11.52,0
0,24.48,11.45,0
0,20.59,11.36,0
0,18.38,10.31,0
0,20.98,10.26,0
0,23.71,9.69,0
0,24.97,10.87,0
0,23.97,11.39,0
0,24.91,11.07,0
0,27.01,11.04,0
0,27.33,10.81,0
0,28.26,10.82,0
0.28,27.7,10.17,0
0.01,24.49,10.57,0
0.13,23.78,9.36,0
0.08,23.69,9.45,0
0,16.68,9.74,0
0,17.86,8.41,0
0,20.45,8.53,0
0,22.53,8.89,0
0,23.35,9.19,0
0,23.87,9.08,0
0,23.85,9.18,0
0,26.12,9.36,0
0,26.92,9.58,0
0,27.27,9.11,0
0,25.99,9.11,0
0,25.27,9.12,0
0,24.49,8.95,0
0,25.25,8.85,0
0,25.89,9.16,0
0.06,27.07,8.9,0
2.05,26.46,8.84,0
0.04,23.75,8.94,0
0,22.5,8.48,0
0,22.84,8.43,0
0,24.41,8.66,0
0,25.01,8.61,0
0,25.17,8.93,0
0,25.72,8.4,0
0,26.26,7.88,0
0,25.08,7.75,0
0,24.33,7.75,0
0,24.05,7.5,0
0,23.79,7.84,0
0,23.37,7.73,0
0,23.53,8.06,0
0,25.56,7.93,0
0.46,25.14,7.65,0
0.05,23.89,7.45,0
0,24.48,7.24,0
0,24.9,7.43,0
0,25.47,7.1,0
0,23.55,7.12,0
0,21.95,6.82,0
0,22.77,7.07,0
0,21.91,7.07,0
0,22.3,6.66,0
0,21.95,6.5,0
0.03,15.79,6.03,0
0.11,13.54,6.3,0
0,11.09,6.11,0
1.67,12.28,3.39,0
13.02,10.83,2.19,0
0,8.71,6.31,0
0,8.79,5.62,0
0.55,9.88,4.09,0
0,9.03,4.61,0
0,11.2,4.43,0
0,13.04,4.71,0
0,14.67,4.71,0
0,15.59,4.68,0
0,15.69,4.89,0
0,17.07,5.24,0
0,18.45,4.86,0
0,19.46,4.79,0
0.8,17.48,4.54,0
0.07,14.99,4.21,0
0,15.01,4.45,0
0,15.59,4.47,0
0,16.88,4.35,0
0,14.68,5.18,0
0.05,9.36,7.13,0
0,8.84,5.91,0
0.04,9.82,4.45,0
2.7,9.56,2.01,0
0.03,8.84,4.87,0
0,10.17,3.86,0
0,12.83,4.23,0
0.01,11.33,4.55,0
0,9.62,4.16,0
0,13.14,3.9,0
0,13.47,3.48,0
0,13.28,4.21,0
0,14.56,3.85,0
0,10.15,4.72,0
0,7.86,6.8,0
0,6.32,6.96,0
0,5.52,6.72,0
0,6.06,3.28,0
0,8.03,3.41,0
0,10.54,3.54,0
0,11.56,3.73,0
0,11.82,3.52,0
0,11.5,3.35,0
8.07,6.58,0.8,0
0.01,6.46,2.78,0
0,9.4,2.98,0
0,8.75,3.12,0
0,7.81,2.73,0
0,8.79,2.84,0
0,9.22,2.78,0
0,11.22,2.72,0
0,11.87,3.12,0
0,11.71,3.12,0
1.93,9.25,1.93,0
0.9,9.26,1.68,0
0,5.09,4.93,0
0,5.2,2.79,0
0,8.47,3,0
0.29,7.09,2.49,0
0,8.27,2.69,0
0,8.19,2.69,0
0,8.75,2.2,0
0,7.55,2.34,0
16.1,8.01,4.81,0
3.57,6.47,1.98,0
29.94,5.81,1.22,0
0.02,6.22,1.57,0
0,7.39,1.91,0
0,7.59,2.26,0
0.06,8.18,2.02,0
2.15,6.56,0.96,0
0.24,7.91,2.11,0
23.7,5.06,1.13,0.35
5.01,4.25,1.04,0.02
6.89,3.76,1.22,0
0,4.73,1.81,0.01
0,6.9,2.02,0
0,7.68,2.1,0
0,5.34,3.72,0
0,3.47,2.66,0
0,5.4,2.2,0
0,6.06,2.27,0
0,8.14,2.45,0
0,9.56,2.44,0
0,6.92,2.2,0
0,6.98,2.35,0
0,8.36,2.51,0
0,8.57,2.66,0
0,7.64,2.81,0
0,7.36,2.86,0
0,8.25,2.88,0
0,10.82,2.88,0
0,9.06,2.82,0
0.25,8.64,3.23,0
0,9.37,2.81,0
1.3,9.39,2.19,0
0,8.97,2.99,0
0,12.15,3.11,0
0,11.72,3.61,0
5.3,7.69,2.49,0
0,6.81,3.65,0
0,8.24,3.32,0
0,10.31,4,0
2.02,10.51,3.52,0
17.14,8.45,0.8,0
7.35,9,0.96,0
0.03,9.08,2.28,0
11.62,8.87,3.81,0
11.58,7.52,2.15,0
16.27,9.01,1.71,0.21
26.78,8.49,2.16,2.66
6.45,7.7,2.62,1.23
7.46,6.95,2.49,0.16
17.81,6.07,3.07,1.2
3.69,6.02,2.24,0.18
0.79,7.25,2.23,0.1
2.63,8.9,3.37,0.06
5.2,10.65,1.99,0.04
0.67,12.36,2.87,0.03
0,12.17,3.39,0.02
0.01,11.65,4.87,0.01
0,10.35,4.36,0.01
0,12.59,4.3,0.01
0,15.07,4.48,0.01
0,15.58,4.52,0
0,15.63,5,0
0,14.71,4.58,0
0.03,12.19,5.32,0
3.86,10.21,4.49,0
7.18,9.66,2.21,0.01
1.65,10.3,3.39,0.01
0.01,10.21,4.47,0
13.75,8.3,1.97,0.08
2.85,7.03,2.81,0.27
3.86,7.38,3.4,0.07
0.59,8.38,3.94,0.06
0.57,9.85,4.07,0.04
0,11.29,4.87,0.03
0,12.13,5.23,0.02
0,12.98,5.44,0.02
0.01,10.22,5.86,0.01
2.84,8.48,2.46,0.01
0.21,8.96,4.25,0.01
0.64,9,5.02,0.01
0,9.04,5.3,0.01
0,10.2,5.23,0.01
0.12,10.74,4.52,0.01
12.86,10.11,4.11,0.03
6.32,9.44,2.86,0.4
7.76,8.83,3.56,0.27
0.33,8.94,3.53,0.39
0,10.31,4.89,0.1
4.7,10.54,2.98,0.08
5.91,11.72,4.63,0.1
0.04,13.09,6.19,0.05
0.67,12.3,5.11,0.04
0.04,11.2,4.58,0.03
12.47,10.12,4.56,0.04
0.62,11.36,4.88,0.07
0.14,14.42,5.79,0.03
0,16.18,6.3,0.02
0,15.98,6.87,0.02
0,12.73,8.02,0.02
0,11.63,7.47,0.02
0,12.61,7.59,0.02
0,15.37,7.74,0.01
0,16.45,7.71,0.01
0,16.14,7.72,0.01
0,15.95,7.49,0.01
0,13.76,7.87,0.01
5.52,13.15,6.15,0.01
1,13.87,5.57,0.01
0,13.51,8.28,0.01
0,13.52,7.82,0.01
0,15.65,7.64,0.01
0,16.49,7.71,0.01
0,16.17,11.74,0.01
0,18.17,9.86,0.01
0,19.85,9.61,0.01
0.04,16.27,12.32,0.01
0,14.1,11.49,0.01
0,16.44,10.54,0.01
0,19.55,10.09,0.01
0,21.67,10.54,0.01
0,21.78,10.31,0
0,21.19,11.25,0
0,22.74,10.77,0
0,21.43,12.45,0
0,16.67,9.88,0
0,17.14,11.18,0
0,20.74,11.06,0
0.02,23.09,11.27,0
0.51,24.15,11.76,0
1.59,23.11,10.67,0
2.81,21.06,9.8,0
0.21,21.41,9.67,0
0,22.89,10.93,0
0,22.66,13.31,0
0,21.92,11.16,0
0,20.01,10.62,0
0,19.39,10.57,0
0,19.78,10.17,0
0.03,19.72,9.93,0
0.01,20.38,10.89,0
0,21.23,11.46,0
0.07,21.51,11.69,0
0,20.63,11.33,0
0.01,17.44,11.06,0
0,16.62,12.14,0
0,20.12,12.95,0
0,22.23,11.57,0
0,23.78,12.39,0
0,23.9,12.53,0
0,23.26,13.27,0
0,22.62,11.89,0
0,22.49,11.48,0
0,22.37,11.82,0
0,22.07,11.24,0
0,24.58,11.55,0
0,25.6,12.05,0
0,26.88,12.07,0
0,26.77,12.48,0
0,27.18,12.32,0
0,26.31,12.84,0
0,21.66,12.25,0
0,18.89,10.82,0
0,20.81,10.88,0
0.01,22.25,11.25,0
0,23.31,11.36,0
0.05,22.08,11.88,0
0,17.67,11.25,0
0,14.76,12.12,0
0,14.76,11.83,0
0.21,14.11,10.57,0
0.05,13.84,9.9,0
0,18.2,11.04,0
0,20.9,11.19,0
0,21.47,11.31,0
0,23.09,11.95,0
0.18,24.96,11.43,0
0.82,24.86,12.17,0
0,24.56,13.18,0
0.26,25.24,12.01,0
0.11,23.96,12.16,0
0,22.05,11.37,0
0,23.35,10.96,0
0,24.41,12.33,0
0.13,21.06,10.42,0
0,18.13,9.96,0
0.33,18.3,9.97,0
0,19.06,11.3,0
0,21.89,11.41,0
0,22.92,12.13,0
0,20.86,11.4,0
0,22.21,12.26,0
0,23.73,12.81,0
0,23.75,13.53,0
0,25.41,11.86,0
0.62,25.51,10.43,0
0.06,25.64,11.22,0
0.97,21.81,8.57,0
8.71,20.97,7.05,0
2.71,21.94,7.41,0
1.7,23.76,8.89,0.14
0,25.62,11.35,0.1
0,26.96,11.32,0.01
0,27.59,11.93,0
0,27.36,12.2,0
0,27.16,12.97,0
0,23.89,13.77,0
0,23.46,13.22,0
0,21.66,12.96,0
0,21.91,12.01,0
0,23.11,11.25,0
0,24.85,11.65,0
0,26.47,11.67,0
0,27.44,12.07,0
0,28.27,12.14,0
0,28.15,11.89,0
0,27.13,11.8,0
0,26.79,11.59,0
0,27.03,12.17,0
0,28.23,12.9,0
0,28.14,13.44,0
0,27.16,12.68,0
0,25.88,12.28,0
0,24.4,11.62,0
0,24.56,11.34,0
0,24.95,11.36,0
0,27.3,11.21,0
0,29.2,11.72,0
0.05,30.01,12.01,0
0,29.94,11.94,0
0,29.91,11.76,0
0.16,29.31,10.89,0
0.06,30.03,12.72,0
0,30.29,12.73,0
0,30.48,12.15,0
0,30.33,11.48,0
0,30.13,11.94,0
0,29.53,12.29,0
0,25.65,13.31,0
0,20.76,12.58,0
0,22.32,11.58,0
0,22.95,10.67,0
0,22.42,10.06,0
0,24.83,10.25,0
0,26.33,10.94,0
0,25.16,10.37,0
0.3,22.04,10.15,0
0.99,19.72,8.78,0
0,20.83,8.73,0
0,21.08,8.38,0
0.02,21.56,9.16,0
0,18.76,10.07,0
0,18.83,9.66,0
0,22.63,8.75,0
0,22.68,9.3,0
0,23.38,9.34,0
0,24.02,9.19,0
0,23.79,9.29,0
0,22.92,9.28,0
0,22.39,8.85,0
0,21.83,9.07,0
0,22.7,8.57,0
0,21.11,9.58,0
0,20.82,8.97,0
0,21.44,8.75,0
0.01,22.05,8.36,0
0,21.86,8.9,0
0,23.69,8.76,0
0,25.14,8.24,0
0,25.74,8.57,0
0,25,8.97,0
0,23.92,8.89,0
0,21.94,9.7,0
0,21.16,9.56,0
0,24.41,8.17,0
0,25.56,7.99,0
0,25.59,8.1,0
0,24.82,8.77,0
0,22.28,8.08,0
0,19.76,7.58,0
0,15.41,8.08,0
0,16.32,7.45,0
0,18.6,6.89,0
0,20.09,6.97,0
0,21.37,7.18,0
0,22.7,7.46,0
0,22.35,6.91,0
0,22.09,7.16,0
0,23.32,7.11,0
0,23.95,6.97,0
0,23.93,6.87,0
0,21.44,6.43,0
0,17.08,6.48,0
0,16.1,5.96,0
0,16.85,6.4,0
0,18.34,5.46,0
0,18.38,5.49,0
0,17.03,6.21,0
0.01,17.4,5.37,0
6.21,15.59,3.65,0
0,15.78,5.66,0
0,18.99,5.71,0
0.85,17.78,4.64,0
0.07,16.51,4.42,0
0,17.13,4.55,0
5.68,16.32,3.39,0
5.27,13.75,2.99,0
10.31,12.32,1.82,0
5.47,12.04,1.78,0
0,11.7,3.9,0
0,13.25,3.89,0
0,15.58,4.59,0
0,14.86,5.26,0
0,14.59,3.86,0
0.11,13.69,4.17,0
0,14.91,3.87,0
0,14.72,4.04,0
0,12.92,4.05,0
0,9.88,5.1,0
0,7.76,4.38,0
0,9.63,3.9,0
0,11.18,4.02,0
0,14.36,4.13,0
0,16.07,4.12,0
0,15.54,3.73,0
0.08,13.35,3.65,0
0.05,11.22,3.39,0
0,10,4.17,0
0.36,9.95,3.06,0
0,8.78,6.01,0
1.17,8.06,3.13,0
0.2,8.89,1.86,0
0,7.28,3.57,0
0.17,7.71,2.02,0
0,10.75,3.21,0
0,12.26,3.3,0
0,11.64,3.79,0
0,8.78,3.87,0
0,9.57,3.52,0
0,9.8,3.26,0
0,10.91,3.34,0
0.47,7.51,2.74,0
1.76,8.28,2.5,0
0,7.19,2.83,0
0.17,5.53,2.5,0
23.73,7.02,1.5,0
7.82,6.53,1.8,0.06
0.01,6.14,2.04,0
0.08,9.78,1.49,0
1.06,9.82,2.22,0
5.02,6.67,1.95,0
0,4.16,3.02,0
0,3.97,2.57,0
0,5.95,2.29,0
0,5.09,2.41,0
0,5.12,2.38,0
6.59,5.04,0.97,0
0,1.51,2.35,0
0,2.16,1.92,0
0,4.22,2.22,0
0,4.57,1.68,0
0,4.06,1.72,0
0,6.4,2.17,0
0,8.76,2.35,0
0,9.32,2.53,0
0,9.02,2.42,0
0,6.52,2.45,0
10.82,6.78,1.23,0
4.36,5.01,2.36,0
0.23,3.63,1.85,0
0,5.39,2.05,0
14.68,5.4,0.45,0
0.12,1.81,2.3,0
0,0.48,2.19,0
0,1.79,1.75,0
1.62,2.62,0.98,0
14.1,5.41,0.48,0.01
7.69,8.39,1.34,0.87
1.81,5.69,1.23,0.3
4.89,3.84,0.82,0.06
8,4.22,1.89,0.8
0,1.63,2.04,0.13
15.04,3.75,0.27,0.63
27.45,8.63,0.28,4.68
5.84,6.81,2,12.92
9.3,7.01,0.59,4.7
5.97,8.38,1.99,2.65
17.26,7.37,1.23,3.17
2.63,6.73,1.52,2.69
0.72,6.62,1.79,1.48
0.09,7.71,1.01,1.06
0.15,11.23,1.49,0.73
1.34,8.31,2.95,0.61
0,5.85,2.57,0.5
0,7.28,2.43,0.41
0,10.21,2.63,0.35
0,10.93,2.7,0.29
0,11.78,2.73,0.24
0,9.4,2.83,0.22
0,8.4,3.55,0.2
0.1,6.57,3.03,0.19
0,7.05,3.12,0.17
0,8.14,3.04,0.17
0,9.57,3.32,0.16
2.36,10.23,1.71,0.16
0.41,11.99,3.91,0.15
0.96,10.46,3.12,0.15
0,11.18,3.2,0.15
12.69,10.27,2.15,0.15
19.09,9.11,1.73,1.99
3.9,6.59,2.29,0.61
0,6.26,2.96,0.47
3.61,7.01,2.13,0.5
0.01,6.45,3.46,0.45
0,6.15,3.18,0.38
0,6.27,3.58,0.36
0,6.08,3.7,0.34
1.7,4.94,1.68,0.32
3.39,7.4,1.89,0.32
19.6,9.82,2.29,1.55
9.2,7.91,3.24,1.66
2.81,5.27,4.09,1.21
0.89,4.92,3.24,0.95
6.97,5.95,1.28,0.86
12.31,7.39,3.7,2.56
0.08,4.77,4.14,1.24
8.9,3.94,2.84,1.08
9.94,4.83,1.64,1.16
0.23,4.97,3.03,1.2
0.03,5.98,3.83,1.06
0,7,3.75,0.9
0,9.49,4.12,0.8
0.8,8.75,4.36,0.73
0,9.93,4.43,0.67
0,12.09,4.62,0.61
0,14.51,4.74,0.58
0,16.1,5.18,0.55
0,15.22,5.6,0.52
0.24,13.63,4.68,0.49
0,12.37,5.36,0.45
0,12.68,5.32,0.43
0,14.74,5.44,0.41
2.8,15.37,4.89,0.38
1.97,12.81,5.05,0.37
0,12.06,4.8,0.36
0.1,15.01,4.98,0.35
4.57,13.29,4.27,0.34
0,11.65,6.22,0.32
0,13.06,4.73,0.3
0,14.04,6.83,0.27
0,13.65,6.34,0.27
0,15.75,6.49,0.25
0.93,14.05,5.31,0.24
8.26,11.01,1.79,0.31
31.21,9.06,1.19,1.28
5.05,8,3.53,0.96
9.87,7.29,4.08,0.56
2.37,7.53,3.41,0.59
0.01,9.73,4.04,0.46
0,11.53,5.05,0.39
0,13.09,5.81,0.36
3.14,10.14,5.77,0.35
0,11.58,6.73,0.32
0,13.95,5.49,0.29
0.07,12.59,6.36,0.28
0.11,9.18,7.64,0.27
0,9.89,6.13,0.26
0,12.29,6.76,0.25
0,14.95,6.81,0.24
0.01,12.96,7.31,0.22
0,12,7.4,0.21
0,10.6,8.77,0.2
0,10.94,9.28,0.21
0,11.98,8.1,0.2
0,13.31,7.56,0.19
0.14,13.68,7.73,0.18
0,12.82,7.16,0.19
3.22,12.39,5.16,0.21
0.01,11.72,9,0.2
0,13.51,8.52,0.19
0,17.37,8.54,0.18
0,15.12,8.18,0.17
0,12.69,9.85,0.17
0.07,11.34,7.72,0.17
0,13.38,8.99,0.16
0,16.52,9.4,0.15
0,15.29,10.56,0.14
0,15.51,10.5,0.14
0,18.04,10.59,0.12
0,19.82,12.04,0.12
0,20.26,11.99,0.11
0,20.42,10.63,0.11
0,19.83,10.54,0.12
0,15.35,10.14,0.11
0,13.03,11.51,0.11
0,16.41,9.65,0.11
0,16.3,9.96,0.1
0,15.12,11.9,0.09
0,16.43,12.13,0.08
0,20.87,11.12,0.07
0,21.26,12.34,0.07
0.12,13.23,8.41,0.07
0,10.83,9.78,0.07
0,13.87,9.94,0.07
0,17.22,10.4,0.07
0,19.7,10.27,0.07
0,20.94,11.25,0.06
0,19.16,10.97,0.05
0,18.69,10.55,0.05
0,19.32,9.91,0.08
0.1,17.46,7.84,0.13
0,17.29,11.26,0.13
0,19.46,11.39,0.12
0,19.47,10.9,0.12
2.12,16.93,9.17,0.11
5.58,15.34,8.27,0.13
0.06,14.74,9.15,0.13
0.02,15.59,8.79,0.12
0,15.89,9.7,0.12
0,18.67,10.11,0.11
0,20.45,8.96,0.11
5.34,18.09,8.65,0.11
0.01,17.33,10.81,0.12
0,15.75,11.43,0.11
0,16.23,10.36,0.1
0.87,14.36,6.19,0.11
6.62,11.51,7.54,0.12
0.44,11.73,6.19,0.11
0.06,14.58,8.26,0.11
0,17.51,10.65,0.1
0,21.17,11.51,0.09
0,21.51,12.05,0.08
0,19.33,13.53,0.08
0,21.17,13.42,0.07
0,23.26,12.51,0.07
0,24.99,13.87,0.07
0,23.61,13.87,0.07
0,23.65,13.83,0.06
0,24.66,12.17,0.06
0,27,12.23,0.06
0.06,27.53,11.86,0.05
2.42,25.54,11.72,0.05
0,22.03,12.52,0.05
0,19.92,14.08,0.04
0,23.1,14.99,0.05
0,26.5,12.4,0.04
0,29.82,12.65,0.04
0.01,29.78,13.26,0.03
0,27.03,13.73,0.03
0,23.83,14.64,0.03
0,24.3,13.36,0.03
0,26.09,13.46,0.02
0,27.14,12.06,0.02
0,24.77,13.9,0.02
0,22.89,13.12,0.02
0,23.78,11.78,0.02
0,25.09,12.17,0.02
0,25.97,12.19,0.02
0,26.7,12,0.01
0,25.35,12.26,0.01
0,25.51,11.88,0.01
0,25.09,11.57,0.01
0,25.09,11.72,0.01
0,24.82,12.39,0.01
0,22.68,12.1,0
0,22.55,13.16,0
0,20.59,13.39,0
0,21.33,12.15,0.01
0,22.82,11.56,0.01
0,24.03,11.55,0.01
0,23.32,12.43,0.01
0,22.07,13.02,0.01
0,21.35,12.92,0.01
0,23.34,12.04,0.01
0,24.78,11.14,0.01
0,24.54,11.19,0.01
0,22.61,10.72,0.01
0,23.35,10.51,0.01
0,23.53,10.56,0.01
0,22.98,10.6,0.01
0,22.43,10.13,0.01
0,25.39,11.12,0.01
0,28.27,11.68,0.01
0,29.85,10.72,0
0,30.78,12.24,0
0,28.09,10.82,0
0,27.64,12.01,0
0,27.69,12.19,0
0,26.87,12.25,0
0,24.78,11.09,0
0,23.56,10.92,0
0,24.11,11.44,0
0,22.71,11.42,0
0,20.75,11.12,0
0,20.81,10.62,0
0,21.02,10.62,0
0,20.77,10.6,0
0,19.28,10.17,0
0,20.64,10.18,0
0,22.85,9.92,0
0,23.89,10.7,0
0,22.2,10.84,0
0,20.43,10.6,0
0,22.07,10.46,0
0,25.97,10.21,0
0,26.75,11.09,0
0,24.33,11.37,0
0,24.49,10.32,0
0,25.14,10.23,0
0,26.2,10.59,0
0,26.86,10.52,0
0,23.38,11.53,0
0,19.47,10.05,0
0.03,22.01,9.4,0
0,25.06,10.48,0
0,26.55,10.2,0
0,26.15,10.57,0
0,25.39,10.77,0
0,22.84,10.1,0
0,22.53,9.26,0
0,24.36,9.31,0
0,26.5,10.23,0
0,27.36,10.09,0
0,27.32,10.09,0
0,26.03,10.18,0
0,21.73,10.28,0
0,21.48,8.72,0
0,19.84,8.72,0
0,19.05,7.84,0
0,17.36,8.46,0
0,14.74,8.06,0
0,17.16,7.74,0
0,19.47,7.75,0
0,19.31,8.25,0
0,19.41,8.08,0
0,18.71,8.02,0
0,18.9,8.52,0
0,21.13,8.11,0
0,22.6,8.26,0
0,23.75,8.57,0
0,25.3,8.32,0
0,25.58,8.18,0
0,23.84,8.26,0
0.02,24.31,7.52,0
0,24.06,8.08,0
0,23.65,7.64,0
0,23.97,7.39,0
0,18.94,7.13,0
0.21,14.76,5.13,0
0,16.01,6.57,0
0,18.21,6.47,0
0,18.72,6.77,0
0.05,18.48,5.52,0
2.88,17.62,6.36,0
3.61,14.94,3.17,0
0.02,16.62,5.27,0
0.23,16.37,5.2,0
0.64,15.44,5.04,0
2.41,14.88,4.36,0
1.47,13.65,4.9,0
0.01,12.13,4.96,0
0,13.1,5.53,0.02
0,15.36,5.25,0.03
0,17.92,6,0.03
0,18.13,4.18,0.03
0,17.42,5.8,0.04
0,19.17,5.8,0.04
0,18.94,5.85,0.03
0,18.88,5.83,0.03
0,19.87,5.8,0.03
0,20.07,6.37,0.03
0,19.17,5.4,0.03
0,19.04,5.69,0.03
0,18.92,6.09,0.03
0,17.12,5.02,0.03
0,16.03,5.58,0.03
0,17.26,5.18,0.03
0,17.37,5.41,0.03
0,17.12,5.42,0.03
0,16.76,5.23,0.02
0,16.72,4.84,0.02
0,16.17,4.61,0.02
0,15.81,4.38,0.02
0,15.72,4.27,0.02
2.52,11.83,4.28,0.02
4.09,9.9,3.67,0.02
0.41,7.4,3.54,0.02
0,8.26,3.59,0.02
0,8.01,7.74,0.02
0,8.79,4,0.02
0,10.15,4.34,0.02
0,10.24,4.39,0.02
0,9.94,3.8,0.02
0,10.36,3.71,0.01
0,11.72,3.6,0.01
0.57,11.13,1.73,0.01
1.08,10.32,2.47,0.01
0,7.57,4.18,0.01
0,6.29,3.87,0.01
0,8.82,3.78,0.03
0,11.91,4.1,0.01
0,12.46,3,0.01
1.76,10.94,3.96,0
5.42,10.79,1.87,0.01
0.06,8.67,3.32,0.01
0,8.69,3.43,0.01
0,9.47,3.61,0.01
0,11.54,3.06,0.01
0,9.34,2.91,0.01
0,8.71,2.85,0.01
0,7.13,3.35,0.01
0.2,8.35,2.72,0.01
0,8.92,2.34,0.01
0.01,11.1,2.13,0.01
0.01,11.04,2.67,0.01
15.2,7.67,1.55,0.03
0,5.71,2.51,0.04
0,6.87,2.66,0.03
10.05,5.85,1.07,0.03
0.01,4.62,2.3,0.02
0,4.59,2.02,0.02
0,5.61,2.27,0.02
0.14,5.19,1.71,0.01
0,5.97,2.35,0.01
0,6.49,2.42,0.01
0,6.04,2.37,0.01
0,6.66,2.41,0.01
0,7.48,2.59,0.01
0,8.93,2.79,0.01
0,9.54,2.55,0.01
0.31,9.41,2.41,0.01
0,8.64,2.74,0
0,9.23,2.4,0.01
0,10.09,2.8,0.01
0,10.23,2.42,0.01
0,8.6,2.19,0.01
0,9.95,2.8,0.01
0,10.51,2.86,0.01
0,13.14,2.86,0.01
0.87,11.77,1.51,0.01
0.04,8.39,3.93,0.01
0,6.36,3.61,0.01
0,8.12,2.54,0.01
0,8.93,3.35,0.01
0.02,6.79,2.63,0.01
0,7.57,2.56,0.01
0,8.35,3.2,0.01
0,9.41,3.28,0
0,11.92,3.29,0
0,12.84,2.49,0
0,12.81,3.59,0
0,11.51,3.57,0
0,13.6,3.73,0
0,14.91,3.89,0.01
0,15.19,3.87,0.01
0,13.39,4.09,0
0,13.01,3.46,0
1.34,13.43,4.87,0.01
11.31,9.02,2.69,0.05
9.91,5.32,0.94,0.05
1.97,4.3,1.83,0.05
0.4,5.82,2.68,0.04
0.41,5.13,3.17,0.03
0,5.16,2.92,0.02
0,6.31,3.29,0.02
0,7.87,3.34,0.01
0,8.45,3.62,0.01
0,8.22,3.68,0.01
1.22,7.09,2.99,0.01
3.79,7.2,2.96,0.01
5.18,6.73,1.66,0.01
0.19,7.45,2.49,0.01
6.38,7.61,1.92,0.01
16.95,7.4,1.71,0.02
1.79,6.58,3.01,0.06
0,7.45,3.19,0.04
1.27,7.11,3.05,0.03
0,4.86,5.03,0.03
0,6.39,3.83,0.02
0,8.84,3.46,0.02
0,9.1,4.04,0.01
0,10.33,4.25,0.01
0.77,9.01,3.3,0.01
15.34,6.87,4.34,0.02
5.76,3.35,2.4,0.02
19.02,2.59,2.13,0.06
2.26,4.56,2.96,0.23
1.36,4.32,2.98,0.07
0,5.76,3.91,0.05
0,7.62,3.67,0.04
0,9.98,4.17,0.03
0,11.79,4.44,0.03
1.12,10.1,2.28,0.03
0.04,10.54,4.67,0.02
0,10.35,4.24,0.02
0,13.64,4.83,0.02
0,15.27,5.21,0.01
0,15.66,4.96,0.01
0,14.11,5.38,0.01
11.94,11.52,3.89,0.01
1.01,9.37,3.5,0.02
0,12.16,5.38,0.01
0,13.57,5.38,0.01
0,13.41,5.1,0.01
0.01,11.88,5.88,0.01
0,10.88,7.05,0.01
0,12.32,6.76,0.01
0,16.32,6.49,0.01
0,17.08,6.64,0.01
0,16.65,6.25,0.01
0,13.14,5.82,0.01
0.11,13.29,7.48,0.01
1.08,14.15,8.34,0.01
2.51,11.31,4.1,0.01
0,11.92,6.33,0.01
0,11.95,6.68,0.01
0.15,6.83,7.5,0.01
0,6.68,6.68,0.01
14.99,5.93,3.91,0.01
1.21,6.77,4.62,0.02
0.02,10.26,5.67,0.02
0,13.97,6.57,0.01
0.03,13.87,7,0.01
0,14.62,7.36,0.01
0,14.34,8.05,0.01
0,13.8,8.95,0.01
0,16.25,9.15,0.01
0.03,16.78,7.5,0
0.01,13.7,8.57,0
0,14.84,10.52,0
0,15.5,8.72,0
0.06,14.13,8.26,0
0,12.65,9.48,0
3.26,10.38,5.65,0.01
1,9.68,7.31,0.01
0,11.74,9.62,0.01
0,15.49,8.75,0.01
0,17.93,9.33,0
0,18.65,9.6,0
0,18.37,9.36,0
0,20.53,10.38,0
0,19.28,9.43,0
0.01,20.85,10.27,0
0,21.05,11.06,0
0,19.94,10.89,0
0,19.48,11,0
0,15.27,10.75,0
0,13.03,10.78,0
6.59,8.33,4.96,0
1.19,7.61,6.56,0.01
9.86,8.18,5.52,0.01
4.37,8.82,5.95,0.01
4.95,9.66,5.84,0.01
0.73,12.37,7.47,0
0,14.26,8.25,0
0.06,14.05,9.15,0
0,14.37,9.02,0
0,15.08,10.6,0
0,16.44,10.12,0
0,16.84,9.18,0
0.89,13.74,7.4,0
3.9,11.23,6.31,0.01
5.86,9.34,2.68,0.01
0,13.64,8.11,0.02
0,17.36,8.72,0.01
0,21.19,9.39,0.01
0,21.11,11.28,0.01
0,19.2,10.83,0
0,20.64,12.33,0
0,21.41,11.08,0
0,15.09,10.89,0
0.01,11.45,9.33,0.01
13.11,9.24,4.78,0.02
8.71,10.02,4.95,0.03
0.38,11.69,6.89,0.03
0,13.54,8.8,0.02
0,16.22,9.61,0.02
0.17,18.41,10.27,0.02
0,20.96,11.28,0.01
0,22.62,12.07,0.01
0,21.25,12.02,0.01
0,18.65,10.54,0.01
0,18.46,11.14,0.01
0,22.15,11.7,0.01
0,24.41,12.5,0
0.45,23.11,10.91,0
0.11,20.47,11.86,0.01
0,22.15,13.44,0
0,22.68,13.59,0
0,22,13.68,0
0,20.41,12.21,0
0,18.1,11.28,0
0,15.87,11.08,0
0,17.79,13.15,0
0,22.13,13.36,0
0,25.78,12.41,0
0,28.21,12.33,0
0,27.22,13.2,0
0,24.99,14.13,0
0,23.42,14.25,0
0,21.75,14.26,0
0,18.95,13.71,0
0,18.46,12.89,0
0,20.54,12.06,0
0,22.48,12.62,0
0,24.11,12.76,0
0,23.93,12.96,0
0,24.62,12.95,0
0,25.73,13.04,0
0,25.7,14.16,0
0,26.62,13.97,0
0,25.68,14.16,0
0,26.88,14,0
0,30.18,13.24,0
0,30.61,13.71,0
0,30.8,14.83,0
0,30.3,13.56,0
0,28.84,14.22,0
0,25.98,13.9,0
0,25.12,12.91,0
0,24.32,13.39,0
0,23.63,12.81,0
0,25.05,12.44,0
0,26.96,12.35,0
0,28.45,12.47,0
0,28.79,12.55,0
0,27.64,13.43,0
0,27.25,12.44,0
0,27.69,12.13,0
0,27.56,12.34,0
0,27.28,12.26,0
0,25.08,12.53,0
0,26.22,12.15,0
0,27.55,12.35,0
0,26.71,12.42,0
0,25.28,11.98,0
0.02,25.8,11.19,0
0.05,25.22,10.98,0
0,25.06,11.31,0
0,23.88,11.9,0
0,23.77,12.01,0
0,25.85,11.72,0
0,27.6,12.25,0
0,28.05,12.44,0
0,27.54,12.34,0
0,27.67,11.96,0
0,25.39,12.4,0
0,24.17,12.03,0
0,23.99,11.34,0
0,24.6,12.34,0
0,24.97,12.8,0
0,25.79,12.29,0
0,27.6,11.67,0
0,29.12,11.56,0
0,28.17,12.46,0
0,26.18,12.86,0
0,26.12,12.55,0
0,26.73,12.1,0
0,27.94,12.15,0
0,28.59,12.53,0
0,29.04,12.42,0
0,30.26,13.07,0
0,30.71,14.31,0
0,29.73,12.18,0
0,26.26,13.23,0
0,25.61,11.61,0
0,26.15,11.54,0
0,25.53,11.88,0
0,23.88,11.74,0
0,22.24,11.26,0
0,23.64,10.66,0
0,24.58,10.56,0
0,25.14,10.76,0
0,26.12,10.84,0
0,25.61,11.09,0
0,23.61,11.9,0
0,23.29,11.47,0
0,24.27,9.85,0
0,23.84,9.8,0
0,22.03,10.87,0
0,20.71,11.09,0
0,21.06,10.53,0
0,23.75,9.24,0
0,24.98,9.91,0
0,25.07,10.03,0
0,24.33,10.06,0
0,22.93,9.66,0
0,20.17,10.84,0
0,18.35,10.3,0
0,16.2,9.69,0
0.15,15.37,8.63,0
0,16.9,8.33,0
0,19.51,8.91,0
0,22.62,8.71,0
0,24.42,8.59,0
0,22.96,8.96,0
0,23.03,8.67,0
0,23.46,8.83,0
0,24.14,8.53,0
0,24.76,8.89,0
0.1,23.78,8.76,0
2.38,21.43,7.28,0
0.01,20.49,7.18,0
0,21.47,7.69,0
0,23.34,8.64,0
0,23.48,7.64,0
7.54,19.72,3.79,0
0.03,18.06,7.91,0
0,17.86,7.02,0
0,19.39,6.25,0
0,20.78,6.9,0
0.42,15.62,6.26,0
10.46,12.9,5.13,0
2.98,12.82,5.28,0
0,14,5.68,0
0,16.37,5.75,0
0,19.49,6.3,0
0,20.91,6.84,0
0,20.6,7.3,0
0,16.91,6.3,0
0,13.96,7.19,0
0,13.09,6.72,0
0.24,13.13,4.79,0
0,12.04,8.46,0
0,11.75,5.89,0
0,13.92,5.64,0
0,14.69,5.59,0
0,14.71,5.8,0
0,15.53,5.53,0
0,16.27,5.93,0
0,18.1,6.05,0
0.02,16.77,5.41,0
0.08,16.12,5.91,0
0,15.64,4.92,0
0,15.47,5.27,0
0,16.91,4.74,0
0.03,15.59,5.15,0
0,14.51,6.37,0
0,13.83,5.96,0
0,16.55,5.69,0
0,16.13,5.53,0
0,9.47,7.87,0
0,7,5.65,0
0,8.64,4.5,0
0.34,10.92,2.92,0
0,12.33,3.65,0
7.8,10.06,1.18,0
0,10.39,3.62,0
7.85,8.29,3.94,0
2.15,6.02,2.86,0
0,5.48,3.38,0
2.27,6.3,3.16,0
0,6.15,3.55,0
0,7.51,3.64,0
7.74,7.4,2.81,0
1.55,5.63,3.37,0
2.81,5.28,1.93,0
0.03,3.08,4.13,0
0,2.94,3.09,0
0,6.03,2.9,0
0.13,5.79,1.85,0
0,6.83,2.91,0
0,9.45,3.09,0
0,9.47,2.41,0
1.52,6.87,2.85,0
2.08,3.94,3.86,0
0,4.16,1.88,0
0.02,6.26,2.58,0
0,7.68,2.9,0
0,10.15,2.97,0
0,10.67,2.98,0
0,9.41,2.62,0
0.08,8.98,1.48,0
0.96,10.16,2.32,0
0.35,8.92,1.72,0
0.94,6.77,1.26,0
0.03,4.9,3.49,0
0,3.36,2.85,0
0,4.67,2.92,0
0,6.77,3.37,0
0.05,5.27,2.38,0
3.62,5.02,1,0
0.26,4.34,1.64,0
5.41,4.6,0.89,0
0.05,5.76,2.2,0
0,7.56,2.52,0
0,10.49,2.69,0
0,8.24,2.53,0
0,8.25,2.78,0
0,11.98,2.64,0
0,11.53,2.85,0
0,11.21,2.85,0
0,10.63,3.13,0
9.11,5.51,0.49,0
0.01,5.63,2.95,0
0,7.54,2.63,0
0.06,8.86,1.79,0
0.85,5.88,2.55,0
0,4,1.93,0
0,5.32,2.29,0
0,5.14,1.63,0
6.17,7.21,1.77,0
0.51,7.67,2.38,0
15.4,6.93,1.87,0
45.98,6.03,0.61,0
2.07,6.36,2.5,0.11
0.37,6.33,3.04,0.04
8.92,7.79,1.43,0.09
3.45,8.76,0.73,0.09
17.04,10.83,0.93,0.15
46.71,10.24,1.02,2.71
2.11,7.87,2.26,0.37
10.4,9.68,0.56,0.05
1.32,11.05,1.73,0.02
1.45,9.49,1.07,0.03
2.95,5.14,2.19,0.06
4.33,3.76,2.18,0.03
0,2.88,1.92,0.04
0,5.9,2.43,0.05
0,7.61,2.24,0.04
6.91,5.77,1.47,0.04
2.08,6.33,1.95,0.04
12.9,6.66,1.75,0.04
22.8,6.79,0.82,0.23
32.8,7.8,1.06,5.07
23.5,6.83,0.79,3.09
0.21,6.46,1.77,1.04
3.34,8.45,0.82,0.55
0.03,10.3,1.76,0.33
0,10.81,2.12,0.17
0.03,11.68,2.49,0.11
0,13.25,2.68,0.1
0.01,13.75,2.63,0.11
0,13.8,2.88,0.09
0,15.41,3.26,0.08
0,16.05,3.32,0.07
0,14.33,3.24,0.06
0,11.97,2.61,0.06
2.22,8.54,2.82,0.05
6.59,7.78,2.29,0.07
0.58,8.46,2.79,0.07
0,9.41,3.12,0.06
0.02,9.45,2.73,0.05
0.06,7.88,2.87,0.05
6.19,7.51,1.59,0.06
2.76,5.73,4.44,0.21
0,5.51,3.74,0.11
0.08,8.82,2.67,0.09
0,9.53,3.55,0.08
0,10.71,3.69,0.07
0,13.5,3.67,0.07
0,15.39,4.09,0.06
0,15.27,3.99,0.06
0,13.45,3.83,0.06
0,13.57,3.8,0.05
0,13.68,3.82,0.05
0,12.61,3.16,0.05
0,12.37,3.08,0.05
0.38,12,2.77,0.05
6.09,9.9,2.39,0.05
2.47,9.54,3.3,0.05
8.29,10.04,2.62,0.06
4.37,9.43,1.92,0.21
6.18,9.11,2.06,0.18
9.74,10.22,0.77,1.48
0.01,9.26,4.11,0.59
0.02,10.2,4.62,0.36
3.59,9.65,1.99,0.29
26.98,11.7,2.75,1.93
59,11.02,2.06,29
2.74,8.99,3.28,10.46
0.35,9.59,4.27,4.48
1.21,10.71,3.87,2.56
0.93,12.76,4.02,1.59
0,11.8,5.22,1.14
0,11.36,5.51,0.97
0,12.51,5.29,0.93
1.5,13.09,4.16,0.91
0,12.9,5.65,0.87
5.92,9.99,2.31,0.87
2.72,6.39,4.91,0.86
21.05,5.44,2.22,1.96
10.22,4.7,4.32,2.6
0.69,4.69,5.8,1.6
0,5.62,5.76,1.38
0,6.97,5.37,1.15
0,7.94,5.54,1.04
0,9.3,5.71,0.81
0,10,5.99,0.69
0,12.1,6,0.6
0,13.47,5.95,0.54
0.27,11.79,6.44,0.49
0,12,6.9,0.46
0,15.11,6.67,0.42
0,16.04,6.87,0.41
0,15.36,6.54,0.39
0.15,12.43,6.03,0.37
0.51,11.53,4.36,0.37
0.06,9.67,8.35,0.36
0,8.93,10.55,0.36
0,10.64,8.06,0.36
0,14.36,7.16,0.35
0,15.43,7.43,0.34
4.79,9.32,4.91,0.34
0.09,7.55,6.51,0.36
3,6.52,5.79,0.36
5.16,6,4.98,0.38
3.6,7.46,4.21,0.33
6.88,7.22,4.64,0.32
0,7.89,7.56,0.31
1.3,7.26,5.67,0.3
0,8.87,8.5,0.28
0,13.14,7.69,0.25
0,16.35,7.95,0.23
0,17.52,8.28,0.22
0,16.78,9.21,0.21
0,15.33,8.98,0.21
0.84,13.12,6.2,0.21
1.29,14.05,5.78,0.21
7.31,13.71,3.01,0.22
4.37,15.6,4.84,0.23
1.3,14.7,6.82,0.21
0,12.8,8.26,0.2
0,13.79,8.23,0.19
0.5,11.91,8.57,0.18
0.86,8.94,7.29,0.18
0.26,9.42,5.45,0.19
0.72,11.27,5.07,0.18
0.23,12.58,5.92,0.17
0.11,14,7.99,0.15
0,14.43,8.99,0.15
0,13.39,10.19,0.15
0.33,11.3,9.13,0.14
7.65,9.06,6.79,0.16
7.3,9.12,5.88,0.16
6.9,9.47,5.58,0.16
0.17,12.4,7.96,0.15
0,15.01,8.24,0.13
0,17.69,8.58,0.12
0,19.55,9.39,0.11
0,18.79,9.4,0.1
0,15.81,8.03,0.09
0,14.7,9.63,0.1
0.59,16.18,8.66,0.1
1.81,14.9,8.3,0.16
0.12,16.19,8.7,0.13
0,18.79,9.77,0.12
0,19.47,11.6,0.1
0.09,20.19,10.8,0.09
0.06,22.49,10.77,0.08
0,23.53,10.95,0.08
0.01,24.13,11.25,0.07
1.78,19.91,9.15,0.07
0,16.92,10.95,0.07
0,18.84,10.92,0.07
0,19.41,12.11,0.06
0,15.72,13.74,0.06
0,14.93,13.12,0.06
0.29,13.53,9.16,0.07
0,16.13,10.7,0.07
0,17.98,10.51,0.06
0,21.1,11.05,0.06
0,21.84,12.26,0.05
0,22.63,12.22,0.05
0,22.63,11.93,0.06
0.89,17.07,8.65,0.05
4.81,12.87,7,0.06
0.07,12.41,8.83,0.07
0,15.62,9.17,0.06
0,16.55,9.68,0.06
0,16.41,12.15,0.05
0,18.11,12.71,0.05
0,20.66,12.17,0.04
0,23.25,12.01,0.04
0,26.08,11.98,0.03
0,28.45,12.71,0.03
0,29.54,12.4,0.02
0,29.55,13.18,0.03
0,27.35,13.09,0.02
0,25.99,12.72,0.02
0,24.55,12.73,0.02
0,23.8,12.66,0.02
0,22.87,11.69,0.02
0.01,23.51,11.6,0.02
0,23.43,12.05,0.02
0.01,24.64,11.8,0.02
0,26.64,12.16,0.02
0,25.73,13.1,0.01
0,26.49,12.71,0.01
0.12,26.21,13.22,0.01
0,23.73,11.82,0.01
0,21.89,12.54,0.01
0,19.49,12.2,0.01
0,17.47,12.32,0.01
0,21.24,12,0.01
0,25.25,11.27,0.01
0,27.98,11.89,0.01
0,26.41,12.7,0.01
0.14,25.3,10.96,0.01
0,24.54,12.33,0.01
0,23.48,11.69,0.01
0,23.37,11.21,0.01
0,23.4,11.35,0.01
0,22.87,11.45,0.01
0,22.99,11.95,0.01
0,23.75,11.62,0.01
0,24.12,11.29,0.01
0,26.73,11.59,0.01
0,29.39,12.39,0.01
0.07,30.05,11.74,0.01
0,27.06,14.18,0.01
0,27.82,11.88,0
0,29.39,11.54,0
0,30,11.71,0
0,30.12,11.56,0
0,29.9,11.17,0
0,27.54,11.78,0
0,25.99,11.54,0
0,26.53,11.25,0
0,26.16,11.51,0
0,25.74,11.51,0
0,26.28,11.67,0
0,23.2,12.7,0
0,22.38,11.26,0.01
0,24.57,10.66,0.01
0,26.12,10.62,0.01
0,26.72,10.99,0
0,24.76,12.2,0
0,23.28,11.4,0
0,21.1,11.9,0
0,21.8,11.08,0
0,25.35,10.48,0
0,26.45,10.9,0
0,26.29,11.17,0
0.41,27.17,10.88,0
0.04,26.38,10.26,0
0,24.94,11.7,0
0,23.46,10.9,0
0,23.12,10.46,0
0,23.34,9.97,0
0,22.95,10.59,0
0,22.77,10.86,0
0,24.16,9.99,0
0,25.08,9.84,0
0,24.57,10.04,0
0.03,24.9,10.13,0
0,23.17,10.76,0
0,21.84,11.38,0
0,22.49,10.18,0
0,24.85,9.06,0
0,25.17,10.38,0
0,22.75,9.89,0
0,20.19,9.21,0
0,20.22,8.5,0
0,22.77,8.54,0
0,24.3,8.89,0
0,23.94,9.46,0
0,25,9.23,0
0,25.58,8.58,0
0,22.68,8.7,0
0,21.84,8.7,0
0,23.96,8.38,0
0,26.55,8.33,0
0,26.14,8.51,0
0,24.45,8.39,0.01
0,23.36,8.39,0.01
0,22.31,7.95,0.01
0,21.66,8.15,0.01
0,19.29,8.16,0.01
0,18.81,8.22,0.01
0,18.88,7.46,0.01
0,16.28,7.82,0.01
0,16.52,8.23,0.01
0,18.61,7.82,0.01
0,19.62,7.73,0
0,21.28,7.56,0
0,22.92,7.69,0
0,19.92,9.53,0
0,20.52,8.32,0
0,20.6,7.7,0
0,18.39,6.7,0
0,18.93,6.5,0
0,19.25,6.76,0
0,20.57,7.07,0
0,19.59,7.12,0
0,17.49,7.27,0
0,19.3,6.9,0.01
0,21.85,6.75,0
0,17.58,6.18,0
0,16.19,5.78,0.01
0,18.18,5.97,0
0,20.3,5.98,0
0,20.85,5.92,0
0,21.49,5.87,0.01
0,19.21,6.23,0.01
0,14.42,6.81,0.01
0,15.22,6.13,0
0,15.51,5.59,0
0,14.32,5.36,0
0,16.11,5.86,0
0,18.98,5.16,0
0,18.79,4.53,0
0,17.84,4.89,0
0,17.28,4.57,0
0.1,14.02,4.38,0.01
0.19,13.97,4.27,0.01
0,13.57,3.96,0.01
0,13.67,4.19,0.01
0,14.59,4.55,0.01
0,15.02,4.86,0.01
0,13.14,4.59,0.01
0,15.3,4.62,0.01
0,17.4,4.5,0
0,14.86,4.44,0.01
0,13.71,5.03,0.01
0,16.24,4.32,0.01
0,16.88,4.4,0.01
0,17.39,4.07,0.01
0,18.52,4.06,0.01
0,16.8,4.15,0.01
0,15.29,3.92,0.01
0,16.4,3.85,0.01
0,15.27,3.88,0.01
0,15.24,3.46,0.01
0,16.73,3.75,0.01
0.01,13.54,3.75,0.01
0,13.12,3.46,0.01
0,14.99,3.84,0.01
0,16.73,3.36,0.01
0,16.42,3.77,0.01
0,12.16,5.58,0.01
0,9.68,4.52,0.01
0,12.06,3.68,0.01
0,14.18,3.43,0.01
0,14.73,3.45,0.01
0,13.83,3.22,0.01
0.02,11.48,2.38,0.01
0.01,11.12,2.98,0.01
0.02,12.8,1.98,0.01
0.02,13.12,2.59,0.01
0.05,12.74,2.67,0.01
0,12.5,3.32,0.01
0,11.42,2.88,0.01
0,12.48,2.9,0.01
0.42,12.98,3.44,0.01
5.4,10.91,1.64,0.01
13.54,10.97,1.68,0.02
3.65,9.21,1.72,0.03
0,8.35,2.5,0.02
2.88,7.19,1.02,0.01
0.02,5.7,2.7,0.01
0,6.03,2.28,0.01
4.78,5.62,1.33,0.01
0.12,5.61,1.62,0.02
0,5.23,2.19,0.01
0,5.09,2.22,0.01
9.08,5.04,0.63,0.01
2.34,5.65,1.94,0.02
0.2,5.89,2.58,0.02
0.27,6.78,1.86,0.02
0,8.1,2.32,0.02
0,8.29,2.4,0.01
0.02,7.33,2.43,0.01
4.31,7.75,0.72,0.01
0.64,11.9,0.75,0.01
0.06,12.97,3.3,0.01
