0,-0.1,0.2,2.109
8.7,4.4,0.3,1.99
4.1,4.4,0.4,2.445
2.2,8.1,0.5,2.426
0,8.5,0.5,2.314
0,9.5,0.5,2.063
21.6,8.6,0.5,2.106
7.8,3.2,0.3,5.129
5.3,1,0.2,4.358
0.1,-1.3,0.1,3.895
5.9,-2.1,0.1,3.482
6.2,-4.7,0,3.066
5.9,-0.8,0.2,2.877
3,1.6,0.3,3.212
0,2.9,0.3,3.34
0,7.7,0.5,3.158
1.7,7.2,0.5,3.224
0.4,4.1,0.4,3.247
0,3,0.3,2.966
0,3,0.3,2.85
0,3.9,0.4,2.838
0,2.3,0.3,2.626
0,2,0.3,2.268
1.4,5.1,0.5,2.16
9.2,7.1,0.6,2.256
20.7,3.7,0.4,3.174
15.4,0.7,0.3,3.972
22.6,1.9,0.3,6.556
1.9,-2.7,0.1,7.713
0.5,-6.2,0,5.322
0,-7.1,0,4.396
0.5,-4.8,0,3.741
1.2,0.3,0.3,3.506
0.7,1.3,0.3,3.108
10,3.7,0.5,3.062
15.5,2.8,0.4,5.515
18.9,0.2,0.3,4.975
6.2,-1.2,0.2,6.363
9,-3.5,0.1,5.36
0.2,-4.5,0,4.628
2.6,-6.1,0,3.934
0.9,-5.1,0,3.517
0,-8.8,0,3.089
0.1,-7.7,0,2.73
0,-3.7,0.1,2.568
0.7,-3.1,0.1,2.514
5.2,0.4,0.4,2.491
14,-0.9,0.3,2.549
10.8,1,0.4,2.553
32.8,4.7,0.7,9.255
13,5.9,0.8,32.279
37.1,3.6,0.6,25.067
6.1,-0.8,0.3,24.758
6.4,-1.2,0.3,14.153
5.6,-0.9,0.3,9.68
0,-2.9,0.2,7.482
0,-0.3,0.3,6.17
2.2,4.8,0.8,5.476
0,2.7,0.6,5.515
13.9,4.6,0.8,5.322
8.1,7.2,1,9.68
12.7,6,0.9,11.222
1.5,2.4,0.6,11.878
6.4,1.2,0.5,9.757
0.5,-0,0.4,8.021
2.7,-0,0.4,6.672
40.7,0,0.4,6.826
20.5,4.1,0.8,19.514
5.4,5.9,1,16.004
0,3.7,0.8,11.531
0,7.3,1.1,9.024
0,8.9,1.3,7.52
0,7.8,1.2,6.44
0,6.2,1.1,5.63
0,3.8,0.8,5.013
0,1.4,0.6,4.551
1,1.6,0.7,4.281
1,2.3,0.7,3.934
0,1.5,0.7,3.552
10.8,2.4,0.8,3.317
10.5,1.9,0.7,4.204
4.6,2.3,0.8,3.934
0,5.8,1.1,3.752
0.1,6.9,1.3,3.344
6.4,7.8,1.4,3.209
23.6,2.4,0.8,4.049
0.3,1.5,0.7,4.473
0,3,0.9,4.088
0,4.2,1,3.972
0,6.4,1.3,3.517
0,6.5,1.3,3.309
13.8,8.2,1.6,3.814
1.8,10.2,1.8,4.011
2.7,8.3,1.6,3.671
0.1,9.1,1.7,3.425
8.2,12.3,2.1,3.239
7.3,7.2,1.5,3.66
0.4,5.7,1.3,3.621
0,6.1,1.4,3.255
4.5,7.4,1.6,3.066
1.2,5.9,1.4,3.112
12.3,4.8,1.3,3.097
13.7,3.3,1.1,4.088
9.5,4.4,1.2,4.088
1,0.1,0.7,4.435
0,1.7,0.9,3.895
1.9,2,1,3.61
9.3,1,0.8,3.425
4.5,1.4,0.9,3.548
4.4,4.7,1.4,3.158
3.9,8.8,1.9,3.463
1.1,9.2,2,3.182
3.4,8,1.8,3.054
0,6.6,1.7,2.811
0,7.8,1.8,2.576
1.3,10.4,2.2,2.437
0,11.9,2.5,2.268
0,10.9,2.3,2.237
0.2,13.1,2.7,2.171
0,11.5,2.5,1.955
11.1,10.8,2.4,2.059
0,11.9,2.5,2.044
0,14.3,2.9,1.778
0,12,2.6,1.689
9.2,12.7,2.7,1.604
0.1,13.3,2.8,1.805
20,13.8,2.9,1.674
5.1,11,2.5,2.418
0,11,2.5,1.975
0.5,13.1,2.9,1.689
15.8,11.5,2.6,1.612
14.9,11.2,2.6,2.607
5.3,11,2.6,3.008
0.7,10.7,2.5,2.538
0,9.9,2.4,2.372
0,7.7,2.1,2.052
3.4,9,2.3,1.905
3.5,11.1,2.6,1.917
3.7,9.8,2.4,1.909
10,10.3,2.5,1.905
0.2,11.6,2.7,1.955
2.8,10.1,2.5,1.778
0,9.8,2.4,1.743
0,13.6,3.1,1.604
0,13.1,3,1.381
0,15.1,3.4,1.369
0.2,19.3,4.1,1.338
2,17,3.7,1.307
0.8,18.6,4,1.273
0,21.1,4.4,1.242
0,18.1,3.9,1.207
0.2,19.2,4.1,1.161
6.1,18,3.9,1.126
6.3,15.5,3.5,1.196
1.6,12.7,3,1.257
18,10.6,2.7,1.188
0.3,10.1,2.6,1.959
16,12.2,3,1.419
0.7,10.9,2.7,2.032
0,11.2,2.8,1.5
2.3,13,3.1,1.203
0.9,11.8,2.9,1.149
0.1,12.5,3,1.103
17.3,12.9,3.1,1.388
3,12.7,3.1,3.374
0,14.9,3.5,1.886
0,15.3,3.5,1.473
0,17,3.8,1.249
0,13.3,3.2,1.176
0,11.8,2.9,1.107
13.9,14.2,3.3,1.037
3.8,10.3,2.7,1.705
0.2,8.7,2.4,1.257
0,12.3,3,1.057
0,14.3,3.4,0.953
0,16.3,3.7,0.852
3.2,15.5,3.6,0.864
7.3,15.6,3.6,0.875
0,13,3.1,0.868
5.7,16.5,3.7,0.864
1.8,15.1,3.5,0.829
0,16.2,3.7,0.837
0,19.2,4.2,0.794
0,21.9,4.7,0.787
0.9,22.1,4.7,0.702
15.6,19.7,4.3,0.667
13.3,14.5,3.4,1.026
15.1,14.4,3.3,1.685
0.7,15.4,3.5,1.392
0.2,15.8,3.5,0.968
8.2,16.4,3.7,0.949
0.6,18,3.9,1.142
21.1,17.8,3.9,1.658
20.6,18,3.9,1.531
1,15.4,3.4,2.665
2.2,14.6,3.3,1.612
0,15.6,3.5,1.489
0,17.2,3.7,1.257
0,21.1,4.4,1.103
1.1,21.7,4.4,0.864
1.2,19.4,4.1,0.659
2.2,16.5,3.6,0.617
3,13,3,0.613
0,10.5,2.5,0.578
0,13.6,3,0.563
0,16.6,3.5,0.528
0,19.1,3.9,0.501
0,19.7,4,0.47
0,19.1,3.9,0.416
0,18,3.7,0.413
0,17.8,3.6,0.401
0,17.3,3.5,0.401
0,18.5,3.7,0.401
0,18.7,3.7,0.401
8.1,15.8,3.3,0.416
10.5,17.8,3.6,0.725
0.2,19.3,3.8,0.551
7.8,19.8,3.8,0.451
12.5,18.1,3.6,0.521
3.8,18.5,3.6,0.814
3.2,18.7,3.6,0.544
7,16,3.2,0.582
7.6,14.5,2.9,0.671
0.2,12.8,2.7,0.713
0.1,12.8,2.6,0.544
9.3,13.8,2.8,0.467
1.4,13.7,2.7,0.737
7.9,12.8,2.6,0.575
0.8,13,2.6,0.644
2.3,13.1,2.6,0.548
0,13.6,2.6,0.521
0,12.2,2.4,0.49
0,12.7,2.5,0.47
0,12.2,2.4,0.401
0.4,14,2.6,0.401
0.6,16.4,2.9,0.401
0,19.2,3.3,0.397
5,18.6,3.2,0.409
15.3,17.8,3,0.505
0.2,15.4,2.7,0.467
0.1,14.3,2.5,0.397
0,13.6,2.4,0.371
0,13.6,2.4,0.355
0,13.5,2.4,0.34
0,14.2,2.4,0.334
0,12.9,2.3,0.329
0.1,13.8,2.3,0.332
0.2,14.9,2.4,0.331
7.3,14.6,2.4,0.384
0.3,16,2.6,0.416
0,15.7,2.5,0.346
0,15.7,2.4,0.339
0,16.6,2.5,0.339
0,16.3,2.4,0.319
0,17.6,2.6,0.295
0,17.8,2.6,0.286
0,17.4,2.5,0.296
0.1,16.4,2.4,0.285
0.1,12.6,1.9,0.285
0.2,11.8,1.8,0.292
0,10.9,1.7,0.285
0.1,13.5,2,0.286
6.9,13.2,1.9,0.292
1.1,11.4,1.7,0.309
2.6,15.4,2.1,0.309
9.5,16.5,2.2,0.384
4.5,15.3,2,0.39
5,14.3,1.9,0.329
4.2,12.4,1.7,0.37
4.3,12.8,1.7,0.381
7.6,12,1.6,0.54
22.6,13.2,1.7,0.548
20,11.8,1.6,2.175
1.8,10.6,1.4,1.188
12.2,12.7,1.6,0.713
8.6,8.2,1.2,1.269
9.7,6.3,1,1.288
5.4,5.3,0.9,1.207
0.2,4.4,0.8,0.987
0.1,4.3,0.8,0.783
2.4,7.5,1,0.679
1.8,10.2,1.3,0.675
0.2,10.4,1.2,0.64
0,10.4,1.2,0.567
0.1,10,1.2,0.536
0.1,8.7,1.1,0.482
0.1,7.3,0.9,0.467
0.1,6.1,0.8,0.447
0,5.2,0.7,0.428
0,2.6,0.5,0.397
0,1.6,0.5,0.383
6.6,1.1,0.4,0.359
0.1,4.7,0.7,0.47
0,5.7,0.7,0.416
11.7,9.2,1,0.39
0.1,9.2,0.9,0.798
31.5,7.3,0.8,1.138
10.5,6.9,0.8,3.721
0.1,8.6,0.9,1.805
0.1,7,0.7,1.222
7.5,10.8,1,0.987
0.1,11.2,1,1.149
15.1,13.5,1.1,0.902
0,7.4,0.7,1.793
2,10.9,0.9,1.118
9.2,11.8,1,1.169
0.1,4.6,0.5,1.211
0,4.8,0.5,1.007
11,10.1,0.8,0.949
1.9,5.1,0.6,1.296
0,3.1,0.4,1.034
0.6,4.6,0.5,0.918
7.9,4.4,0.5,0.852
21.7,2.9,0.4,1.608
0.2,1.4,0.3,2.048
0,0.9,0.3,1.562
0,-0.8,0.2,1.408
0.3,0.5,0.3,1.261
0,-1.3,0.2,1.157
1,-1.1,0.2,1.061
4.1,-1,0.2,0.991
7.9,-1.5,0.2,0.983
4.3,-1.9,0.1,0.949
0,-4.6,0,0.856
0,-4.7,0,0.818
2.6,-4.1,0,0.771
1.4,-0.3,0.2,0.733
0,0.6,0.2,0.733
0,1.5,0.3,0.764
0,2.2,0.3,0.798
0.2,4.7,0.4,0.856
0,4.5,0.4,0.918
0,5.9,0.4,0.837
0,4.3,0.4,0.794
5.1,4.8,0.4,0.98
1.1,5.1,0.4,1.354
6.5,4.9,0.4,1.111
18.9,2.8,0.3,1.816
0.6,-0.9,0.2,1.967
0.1,-0.4,0.2,1.658
4.2,4,0.3,1.932
1,5.5,0.4,2.025
11.1,5.5,0.4,2.468
3.6,2.9,0.3,2.95
18.1,5.1,0.4,3.856
31,5.8,0.4,10.065
15.2,2.1,0.3,11.646
16.2,0.4,0.2,11.878
2.2,-2.4,0.1,8.87
0,-5.2,0,6.363
22.2,-3,0.1,5.013
47.5,3,0.3,16.467
8.6,-0.8,0.1,27.535
0.4,-4.1,0,15.349
0,-5.2,0,9.41
0,-6.2,0,6.942
0.6,1.2,0.2,5.746
6.1,4.7,0.3,5.206
32.6,5.2,0.4,11.145
25.3,3.4,0.3,14.539
22.6,0.9,0.2,15.079
11.3,-0.8,0.2,11.377
2.3,-1.1,0.1,8.176
1.2,-1.4,0.1,6.325
0.2,-0.1,0.2,5.283
1.2,1.1,0.2,4.705
0,0.6,0.2,4.551
0,0.5,0.2,4.165
5.5,4.4,0.3,4.204
0.1,2.6,0.3,4.782
1.8,2.9,0.3,4.589
0.1,4.2,0.3,4.358
1.6,3.3,0.3,4.088
20.3,3.4,0.3,4.088
1.4,-0.2,0.2,4.512
0,-0.2,0.2,4.165
0,-1.2,0.1,3.814
0,-1.4,0.1,3.455
0,-2.2,0.1,3.166
0,-2,0.1,2.923
0,-3,0.1,2.669
1,1.5,0.3,2.503
2.6,2.2,0.3,2.545
0.2,-0.7,0.2,2.426
0.3,-0.5,0.2,2.19
2.7,0.3,0.2,2.144
8.9,-0.1,0.2,2.283
6,-1,0.2,2.268
0,-9.1,0,1.998
0,-11.4,0,1.685
0,-9.3,0,1.678
0,-5,0,1.585
0,0.6,0.3,1.593
29.6,3.7,0.4,3.039
19,6.9,0.6,17.624
0.3,5.5,0.5,16.159
0,6.8,0.6,9.95
2.5,6,0.6,7.327
0,2.4,0.4,5.9
0,2.6,0.4,4.898
0,6.3,0.6,4.319
0.3,7.8,0.7,3.895
8.6,5.9,0.6,3.679
28.6,7.4,0.7,6.826
4.2,2.2,0.4,8.947
13.6,4.6,0.6,7.057
0,-0.2,0.3,7.829
3.2,-1.1,0.2,6.325
12.3,2.7,0.5,6.517
8.5,2.1,0.4,6.247
22.9,5.5,0.7,8.06
8,0.9,0.4,11.415
4.8,-1,0.3,9.371
16.3,1.9,0.5,8.638
11.2,2.2,0.5,12.688
1.5,-1.9,0.2,10.528
0.1,-3.2,0.1,8.253
0,-0.8,0.3,6.787
0,1.4,0.5,5.592
5.1,4.7,0.7,4.936
8.8,5,0.8,5.63
0,2.8,0.6,4.898
0,4.7,0.7,4.358
12,9.2,1.1,4.512
28.3,4.1,0.7,5.708
6.7,2.9,0.6,11.569
0.1,0.8,0.5,8.523
21.4,3.4,0.7,7.906
1.4,0,0.4,11.029
0,-2.3,0.2,7.482
0,-0.9,0.4,6.247
0.6,3.8,0.8,5.245
8.7,7.4,1.1,5.245
0.1,9.2,1.3,5.013
0,7.5,1.1,4.204
0.8,6,1,3.856
0,3.7,0.8,3.567
0.2,4.1,0.8,3.347
8.4,6.8,1.1,3.286
0,1.4,0.6,3.139
0.3,3.5,0.8,2.754
0.3,5.4,1,2.611
1.4,4.1,0.9,2.418
0,2.6,0.8,2.356
0,2,0.7,2.156
0,3.3,0.9,2.079
0,5.3,1.1,1.959
0.2,7.1,1.3,1.843
0.7,6.7,1.3,1.824
2.3,6.9,1.3,1.774
1.9,4.3,1,1.789
1.2,2.1,0.8,1.697
0.3,2.4,0.8,1.612
10.3,1.2,0.7,1.743
11.4,1.6,0.8,2.526
3.2,3.4,1,2.511
0.9,2.6,0.9,2.109
0.2,4,1.1,1.959
0.2,8.6,1.6,1.867
2.2,8.3,1.6,1.84
8,5.1,1.2,1.982
0,1.4,0.8,1.986
0,3.2,1,1.67
0,4.4,1.2,1.543
0,5.8,1.4,1.5
0,6.2,1.4,1.442
9.8,6.1,1.4,1.554
3.5,3.1,1.1,1.978
5.3,5.6,1.4,1.708
1.8,6.5,1.5,1.647
1.8,5.7,1.4,1.612
5.9,5,1.4,1.612
0,6.9,1.6,1.604
0.2,6.4,1.6,1.512
0,6.4,1.6,1.419
0,9.4,2,1.35
0,13.5,2.6,1.315
0,15.7,2.9,1.303
12.8,12.8,2.5,1.469
0,8.2,1.9,1.897
0,9.3,2.1,1.539
0,14.1,2.8,1.357
0,13.4,2.7,1.269
0,13.2,2.7,1.211
0,10.1,2.3,1.161
0,12.5,2.6,1.118
2,14.3,2.9,1.134
8.5,14,2.9,1.608
2.1,13.3,2.8,1.531
5.2,12.9,2.7,1.392
1.8,14.5,3,1.365
6.8,15.8,3.2,1.342
5.2,16.5,3.3,1.323
1.2,16.4,3.3,1.234
0,18.1,3.6,1.161
0,18.4,3.7,1.045
18.1,17.1,3.5,1.284
0.4,14.2,3.1,1.681
0.1,15.1,3.2,1.338
0,15.8,3.4,1.111
0,16.5,3.5,1.007
9.6,18.2,3.8,1.057
6,14.4,3.2,1.08
5.5,10,2.4,1.018
6.8,7.4,2,1.091
0.1,7.8,2.1,1.115
10.4,8.7,2.3,1.037
0.2,7.8,2.1,1.222
0,10.6,2.6,0.949
1.3,14.2,3.2,0.791
2.4,12.5,3,0.902
3.5,14.1,3.2,0.902
1,10.3,2.6,0.995
10.1,8.8,2.3,0.987
1.4,7.9,2.2,1.068
59.9,7.9,2.2,2.16
3,11,2.7,11.646
0,15.2,3.5,4.319
0,17.9,3.9,3.097
1.6,20.7,4.4,2.692
13.5,19.4,4.2,2.538
7.8,17.2,3.8,4.242
1.9,11.5,2.8,3.201
0,11.9,2.9,2.372
0,15.5,3.6,1.963
0.5,20.5,4.4,1.708
10,19.5,4.2,2.048
0.3,16.2,3.7,1.693
0,16.2,3.7,1.408
0,19.4,4.3,1.284
0,20.3,4.4,1.215
0,16.5,3.7,1.13
0,14,3.3,1.061
0,13.8,3.3,1.003
0,17.6,3.9,0.953
0,20.6,4.4,0.906
0,23.4,4.9,0.868
0.7,23.4,4.9,0.852
0.8,15.7,3.6,0.837
4,13.8,3.3,0.833
6,10.9,2.8,1.08
0,10.7,2.7,0.929
0,11.3,2.8,0.764
0,12.2,3,0.71
0,14.1,3.3,0.702
0,14.8,3.4,0.683
0,15.8,3.6,0.652
3.6,18.6,4.1,0.648
7,19.6,4.3,0.764
1.3,17.6,3.9,0.852
9,15.8,3.6,0.833
2.1,14.5,3.3,0.798
4.4,17.3,3.9,0.702
18.7,16.2,3.6,1.03
3.6,11.4,2.8,1.161
38.3,11.4,2.8,1.134
5.5,12.7,3,6.17
3.7,9.8,2.5,2.287
0.3,10.2,2.6,1.693
24.5,11,2.7,1.681
19.1,11.1,2.7,6.98
5.4,10,2.5,5.129
1.3,9.9,2.5,3.829
1.2,11,2.7,3.031
0,12.9,3,2.503
0.1,12.1,2.9,2.152
0,14.2,3.2,1.863
0,15.4,3.4,1.651
0,15.4,3.3,1.481
0.9,15.3,3.3,1.377
5.5,17.3,3.7,1.408
9.6,16.6,3.5,1.384
11.4,15.2,3.3,2.214
3.4,16.4,3.5,1.643
5.7,14.5,3.1,1.485
11.3,13.3,2.9,2.661
0.2,14.5,3.1,2.025
0,15.3,3.2,1.62
0.1,18.6,3.7,1.442
7.9,16.5,3.4,1.624
2.2,15.6,3.2,1.438
3.8,13.5,2.9,1.446
0.4,14.6,3,1.315
0,16.4,3.3,1.215
0,16.3,3.3,1.149
0.5,16.6,3.3,1.08
0,16,3.2,1.037
0,18.2,3.5,0.972
0,17.8,3.4,0.91
0,18.5,3.4,0.895
0,18.8,3.5,0.829
1.1,20.4,3.7,0.783
0.4,19,3.5,0.837
0,18.4,3.4,0.783
3.4,19.1,3.5,0.76
2.7,18.2,3.3,0.845
0,20.1,3.5,0.764
7.6,21.3,3.7,0.721
17.2,15.2,2.8,1.068
0.1,13.7,2.6,1.207
0,15.4,2.8,0.798
0,16.4,2.9,0.717
0,16.6,2.9,0.663
14.6,18.5,3.1,0.648
10.5,15,2.7,1.45
0,13.8,2.5,1.13
0,14.6,2.6,0.802
2.6,14.9,2.6,0.74
8.3,13.4,2.4,0.845
11.2,14,2.4,1.014
13.3,11,2,1.3
7.8,11.7,2.1,1.921
1.1,10.6,1.9,1.361
0.2,10,1.8,1.145
14.7,11.2,2,1.049
0.1,11,1.9,2.071
0,11.4,1.9,1.176
0.1,14,2.2,1.03
0.1,15.8,2.4,0.968
0.1,15.9,2.4,0.902
1.3,17.6,2.5,0.845
0.1,15,2.2,0.806
0.2,14.9,2.2,0.791
4.4,16.9,2.4,0.775
9.8,12.3,1.9,1.03
2.5,10.8,1.7,0.956
0.2,10.8,1.7,0.833
1.2,13.7,1.9,0.791
17.4,12,1.8,1.003
0.1,11,1.6,1.396
0.1,11.4,1.7,0.91
0.1,10.3,1.5,0.825
0,12,1.7,0.802
0.4,13.6,1.8,0.779
0.9,14.2,1.8,0.756
0.7,14.7,1.9,0.737
0,14.5,1.8,0.713
0.1,14.9,1.8,0.69
12.7,12.3,1.6,0.725
1.3,10.8,1.4,0.98
3.6,9.7,1.3,0.767
0,9.6,1.3,0.825
0,10.8,1.4,0.713
3.3,10.8,1.4,0.679
0.4,7.1,1,0.725
0.8,3.5,0.7,0.64
10,5.8,0.9,0.64
8.5,6.8,1,1.034
8,7.8,1,1.381
2.9,8.1,1,1.188
6.7,8.2,1,1.003
6.3,7.2,0.9,1.512
0.1,9.7,1.1,1.381
1.1,10.6,1.1,1.18
0.8,11.8,1.2,1.107
1.6,8.2,1,1.03
0.2,7.2,0.9,0.941
2.8,9.7,1,0.941
0.1,10.2,1,0.953
0,10.6,1,0.864
0.2,9.2,0.9,0.798
4.6,11.2,1,0.798
0.2,12.1,1.1,0.922
5.7,13.4,1.2,0.833
4.1,9,0.9,1.315
0,8.2,0.8,1.026
3.5,9.4,0.9,0.906
0,9.1,0.9,0.976
30.5,11.5,1,0.991
2.9,6.6,0.7,4.551
5.8,7.4,0.7,2.433
9.6,8.6,0.8,2.295
9.4,5.9,0.6,3.413
3.1,4.7,0.5,2.85
1.9,2.6,0.4,2.584
2.9,4.4,0.5,2.426
1.9,5.9,0.6,2.19
1.6,5.7,0.6,2.017
2,4.8,0.5,1.901
2.1,3.1,0.4,1.789
0,3.7,0.4,1.674
28.3,8.6,0.7,1.624
30.1,8.1,0.6,10.065
2.6,4.8,0.5,8.677
0.3,3.6,0.4,5.592
0.6,2.6,0.4,4.319
1.3,2.8,0.4,3.644
0.1,0.9,0.3,3.104
6.1,4,0.4,2.915
0.7,2.6,0.3,2.861
2.8,2.8,0.3,2.43
5.8,7.6,0.5,2.553
5.2,6.4,0.5,2.781
0,2.8,0.3,2.53
8.3,1.9,0.3,2.271
8.7,4.1,0.4,3.633
4.2,4.1,0.4,3.266
0.2,8.2,0.5,3.313
0,10.2,0.6,2.873
0.1,8.6,0.5,2.657
1.1,8.9,0.5,2.43
2.3,8.7,0.5,2.318
0.1,5.7,0.4,2.217
0.7,5.8,0.4,1.975
0,6.5,0.4,1.878
6.1,9.3,0.5,1.955
4.8,7.4,0.4,1.998
2.4,8.8,0.5,2.09
0.1,7,0.4,1.87
2.9,7.5,0.5,1.832
0.5,10.4,0.6,1.712
0.6,12,0.6,1.581
2.2,9.3,0.5,1.512
16.9,6,0.4,1.971
9.6,2.4,0.3,3.178
4.6,1,0.2,3.332
3.4,1.4,0.2,3.216
3.9,1.8,0.2,2.931
0.2,5.7,0.4,2.796
0,2.2,0.2,2.541
0,-0.6,0.1,2.287
0,-2.4,0.1,2.063
0,0.7,0.2,1.948
4.4,1.1,0.2,1.894
3.3,3.3,0.3,2.044
3,4.2,0.3,2.001
2.9,4.6,0.3,1.94
0.4,0.6,0.2,1.843
5.7,-0.8,0.2,1.708
0.8,-2.1,0.1,1.654
0,-2.9,0.1,1.508
4.3,3.2,0.3,1.492
3.3,5.5,0.4,2.252
2,3.2,0.3,2.075
8,4.5,0.4,2.202
18.1,7.5,0.5,2.777
0.5,5,0.4,4.435
0.1,2.5,0.3,3.606
1.1,1.3,0.2,3.043
2,0.3,0.2,2.68
4.6,3.6,0.3,2.642
0.4,5,0.4,2.464
0,0.3,0.2,2.125
0,-3.7,0,1.909
0,-4.4,0,1.732
0,-6.8,0,1.558
0,-4.7,0,1.465
0.1,-0.9,0.2,1.481
0.6,-1.5,0.1,1.438
0.5,-1,0.2,1.404
1,-0.3,0.2,1.373
3.7,-1,0.2,1.361
8.8,6.4,0.5,1.477
3.4,6.2,0.5,2.144
7,7.3,0.6,2.487
5.9,3.9,0.4,2.534
6.4,2.6,0.4,2.383
4.8,1.4,0.3,2.476
0,0.3,0.3,2.31
0,0.5,0.3,2.079
0,-1,0.2,1.94
0,-2.3,0.1,1.805
0,-2.4,0.1,1.739
6,-2.3,0.2,1.751
24.6,2.8,0.4,2.406
10.8,7,0.7,7.559
7.8,6.2,0.6,7.443
0.2,11.4,0.9,6.209
0,10.5,0.9,4.975
4,8.6,0.8,4.319
2.4,2.6,0.4,4.049
0,0.1,0.3,3.351
0,4,0.5,2.9
4.1,8,0.8,2.773
1.1,4.3,0.6,2.8
0,1.6,0.4,2.457
0,1.8,0.4,2.221
1.7,2.6,0.5,2.094
5.9,0.3,0.4,2.04
0,0.1,0.3,1.978
0,1.3,0.4,1.843
0.2,1,0.4,1.72
5.7,1.7,0.5,1.82
17.5,3.3,0.6,2.322
9.3,1.5,0.5,4.165
1.1,-2.8,0.2,3.448
0.3,-5.1,0,2.904
0.1,-4.9,0,2.607
0,-4,0.1,2.43
0.8,-0.5,0.4,2.283
3.5,-0.5,0.4,2.19
14.9,0.1,0.4,2.067
20.3,-0.5,0.4,2.133
3.4,4.4,0.8,4.396
0.2,1.4,0.5,4.628
2.1,2.4,0.6,3.934
4.4,6.9,1,4.011
1,7.2,1.1,4.088
0.8,7,1.1,3.783
6.3,8.1,1.2,3.714
18.1,10.2,1.4,5.283
22.3,8.3,1.2,9.101
6.7,4.5,0.9,10.914
12.8,3.9,0.8,8.947
2.9,7.4,1.2,8.947
7.1,8.4,1.3,7.482
5.7,7.8,1.2,7.366
5,7.2,1.2,6.363
0.2,1.8,0.7,5.592
34.7,0.3,0.5,6.44
24.2,9,1.5,17.046
14.1,8,1.4,17.393
12.6,9.3,1.5,15.156
7.1,9.6,1.6,11.994
10.8,6.8,1.3,10.49
0.5,1.5,0.7,8.754
0.6,2.5,0.8,7.096
3.5,6.2,1.3,6.17
5,5.4,1.2,5.476
0.8,3.6,1,4.705
0,4.7,1.1,4.126
0,7.4,1.4,3.675
0,10.4,1.8,3.386
0.6,9,1.7,3.185
10.8,6.7,1.4,3.374
2.6,5,1.2,3.116
10.2,8.3,1.6,2.939
0.3,6.2,1.4,3.606
1.6,5.6,1.3,2.888
12.5,5.6,1.3,3.243
8.5,6,1.4,5.438
3.3,4.9,1.3,4.705
0,5,1.3,4.281
0.1,1.1,0.8,3.856
8.9,-0.6,0.6,3.652
20.3,2,0.9,5.476
8.2,2.9,1.1,7.212
0.5,3,1.1,6.363
7.5,2.7,1.1,5.9
0.4,0.6,0.8,5.36
0.6,0.1,0.7,4.473
11.5,0.5,0.8,4.242
0.3,1.6,0.9,4.165
0,4.4,1.3,3.694
1.4,7.9,1.8,3.421
7.3,7.5,1.8,3.856
1.5,6.4,1.7,3.425
2.7,8.1,1.9,3.178
7.8,9,2.1,3.332
13.6,10.2,2.3,3.671
0,12.3,2.6,4.358
0,12,2.5,3.613
0,14.7,2.9,3.309
0.2,13.3,2.8,3.058
20.2,11.4,2.5,2.842
20.8,8.1,2,6.479
0.8,5.3,1.6,5.746
0,7,1.9,4.782
0,9,2.2,4.242
0,13.7,2.9,3.841
0,14.6,3.1,3.428
0,14.6,3.1,3.043
0,14.6,3.1,2.761
2.4,15.7,3.3,2.545
9.9,13.4,2.9,2.757
10,10.5,2.5,2.742
19.9,12.1,2.8,2.549
7.9,11.7,2.7,4.628
1.3,7.4,2,3.374
0,10.2,2.5,2.811
0,12.6,2.9,2.534
0,15.4,3.4,2.352
0,13.1,3,2.179
0,15.4,3.4,2.032
1.6,16.1,3.5,2.106
0,16,3.5,1.921
0,16.6,3.6,1.774
0,18.1,3.9,1.678
0,19.4,4.1,1.566
0,19.6,4.2,1.5
4.3,19.5,4.2,1.431
0,15.1,3.4,1.477
0.3,11.6,2.8,1.319
10.1,9.8,2.5,1.496
6,6,1.8,1.562
0,8.4,2.3,1.415
2,12.9,3.1,1.238
2.5,12.8,3.1,1.292
0.2,13.3,3.1,1.246
13.8,10.7,2.7,1.635
4.6,9.2,2.5,1.6
0.6,10.5,2.7,1.319
0.2,8.7,2.4,1.196
0,12,3,1.068
6.1,14,3.3,1.007
0,14,3.3,0.987
16.5,15.1,3.5,1.153
7.1,14.9,3.5,1.716
13.2,11.9,2.9,2.082
10.2,10,2.6,2.599
0.1,11.3,2.8,2.206
0,13.2,3.2,1.643
0,16.2,3.7,1.373
0,13.2,3.2,1.253
0,14.3,3.4,1.192
0,17.4,3.9,1.115
0,19.2,4.2,1.03
0.5,21,4.5,0.987
2.5,18.5,4.1,0.964
0.2,16,3.7,0.976
0,17.2,3.9,0.902
2.3,19.1,4.2,0.891
0,16.7,3.8,0.899
0,17.8,3.9,0.798
0,17.8,3.9,0.81
0,18.4,4,0.775
2.2,20.1,4.3,0.744
19.8,21.1,4.5,0.906
12.1,15.2,3.5,1.276
1.1,15.1,3.4,1.118
0.1,16.2,3.6,0.864
1.1,18.6,4,0.787
0.4,14.8,3.4,0.74
8.6,14.3,3.3,0.779
5.7,15.6,3.5,1.111
8.2,16.8,3.7,1.01
14,11.1,2.7,1.319
3.4,11.5,2.8,1.658
2.6,13.8,3.2,1.23
1.5,14.2,3.2,1.018
1.6,13.8,3.1,0.895
1.7,12.1,2.9,0.875
0,14.5,3.2,0.845
0,17.8,3.7,0.794
6.3,18.9,3.9,0.875
2.4,18.5,3.9,0.906
0,20.6,4.2,0.806
0,20.2,4.1,0.725
2.1,19.9,4,0.71
1.3,19,3.8,0.91
0,19.9,4,0.798
0,19.9,4,0.659
0,21.9,4.3,0.613
0,20.2,4,0.59
0.8,21.6,4.2,0.575
2.6,17.5,3.5,0.598
3.1,15.2,3.2,0.629
1.8,14.2,3,0.586
1.2,15.3,3.1,0.594
9.9,16.8,3.4,0.675
3.3,15.9,3.2,0.875
1.4,15.5,3.1,0.632
1,12.5,2.7,0.582
0,11.7,2.5,0.575
0,13.9,2.8,0.521
0,17,3.2,0.501
0,19.6,3.6,0.494
0,22.1,3.9,0.482
1.5,19.5,3.6,0.474
1.1,17.9,3.3,0.494
10.1,19.2,3.5,0.521
6.2,18,3.3,0.609
8.7,16.3,3,0.602
0,17,3.1,0.532
0,17.7,3.1,0.474
0,18.2,3.2,0.463
0,19.4,3.3,0.463
0,20.2,3.4,0.455
0,21.2,3.5,0.44
0,20.9,3.5,0.432
0,15.1,2.7,0.409
0.7,14.6,2.5,0.39
11.8,15.1,2.6,0.447
7.1,13.3,2.4,0.632
1.2,12,2.2,0.59
0,12,2.1,0.509
5.5,13.5,2.3,0.467
17.3,10.5,1.9,0.675
3,9.6,1.8,0.918
5,9.5,1.8,0.667
0.7,11.6,2,0.698
38.1,11.7,2,2.414
3,7.2,1.5,2.387
4.8,7.4,1.5,1.219
3.1,8.6,1.6,1.188
0.5,10.9,1.8,1.088
11.1,12,1.9,1.095
4.5,9.6,1.6,1.485
9.5,10,1.7,1.242
16.2,7.6,1.4,2.26
1.9,6.7,1.3,2.815
0.1,5.6,1.1,1.936
15.9,7.7,1.4,1.701
33.1,10.6,1.6,5.939
0.4,9.2,1.5,5.052
0.1,6.8,1.2,3.351
0.3,8.1,1.3,2.626
0.1,8.7,1.4,2.175
0.9,7,1.2,1.816
1,9.7,1.4,1.593
0.1,11.8,1.6,1.481
0.1,10.6,1.5,1.354
5.1,12.2,1.6,1.257
1.1,12.5,1.6,1.369
5.4,15.4,1.9,1.388
0,19.3,2.2,1.261
18.1,15.2,1.8,1.762
0.1,10.4,1.4,2.179
0,10.6,1.3,1.481
18.4,14.8,1.7,1.315
2.2,12.7,1.5,3.324
4.1,10,1.3,2.333
0.3,9.7,1.2,1.967
0.1,10,1.2,1.701
0.1,10.1,1.2,1.485
0,11.5,1.3,1.373
0,13.9,1.4,1.3
0.1,13.4,1.4,1.242
0,13.8,1.4,1.18
0.2,11.9,1.2,1.122
0.1,10.9,1.1,1.057
0,12.1,1.2,1.03
0.1,12.4,1.2,0.983
0.9,11.3,1.1,0.945
2.2,11.8,1.2,0.918
0.1,10.3,1,0.941
11.1,9.1,0.9,0.98
10.3,10.4,1,1.242
4.4,10.4,1,1.786
0.2,9.2,0.9,1.334
0,11.9,1.1,1.138
0.1,12,1.1,1.007
0,12.4,1.1,0.96
0,13.1,1.1,0.899
9.4,12.8,1,1.007
0,3.5,0.5,1.026
0,4.2,0.5,0.845
0,4.1,0.5,0.814
0,5.1,0.6,0.771
0,4.1,0.5,0.779
18.2,4.8,0.5,0.852
28.2,8.3,0.7,3.467
28.5,5.1,0.5,12.379
2.7,-0.7,0.2,8.099
0,-2.3,0.1,4.666
0.7,-1.5,0.2,3.54
4.2,1.5,0.3,2.915
2.1,1.3,0.3,2.942
0.2,-0.5,0.2,2.43
0,-1.8,0.1,2.071
0,-0,0.2,1.859
0,-0.4,0.2,1.751
0,-2.1,0.1,1.604
0,-1.5,0.1,1.489
0,1.9,0.3,1.45
0,1.1,0.3,1.357
13.9,1.6,0.3,1.72
2.1,-0.4,0.2,2.025
2.2,0.8,0.2,1.654
1.9,4.1,0.4,1.681
3.9,5.2,0.4,1.843
4.9,3,0.3,1.847
7.8,2,0.3,2.622
12.2,3.8,0.4,2.754
16.2,7.9,0.5,7.327
2,8.5,0.5,9.487
0,7.3,0.5,8.369
1.1,6.7,0.4,5.978
11.1,6.6,0.4,4.204
4,6.8,0.4,4.435
0.1,4.8,0.4,3.791
0,0.6,0.2,3.324
0,-0.7,0.2,2.993
0,-1.9,0.1,2.711
0,-2.4,0.1,2.457
0,0.8,0.2,2.318
0.2,-0,0.2,2.198
0,-4.1,0,2.048
0,-10.4,0,1.732
0,-6.6,0,2.136
0,-4.3,0,1.543
0,-2.7,0.1,1.446
0,-3.1,0.1,1.431
0.6,-1.7,0.1,1.377
0.5,-3.1,0.1,1.346
5.7,-4.1,0,1.257
3.5,-2.1,0.1,1.323
0.4,-8.1,0,1.269
4,-7.3,0,1.138
17.1,-0.3,0.2,1.327
0.8,-2.5,0.1,1.384
9.5,-2.3,0.1,1.23
28.2,3.5,0.3,4.011
52.5,4.8,0.4,30.235
2.1,-2.2,0.1,24.681
0,-4.5,0,9.988
0,-6.9,0,6.44
0,-5.9,0,4.898
0,-6,0,4.126
0,-7.6,0,3.255
0,-5,0,2.734
0,-3.7,0,2.457
0,-1.8,0.1,2.241
0,-3.7,0,2.052
0,-3.3,0,1.882
0,-3.1,0.1,1.743
0.6,1.3,0.2,1.631
0,-0.3,0.2,1.55
0,-1.2,0.1,1.469
0,-4.9,0,1.4
0.2,-4.5,0,1.338
0.1,-2.2,0.1,1.288
0,-0.8,0.2,1.257
0.3,-0.7,0.2,1.33
8.2,2.7,0.3,1.508
4,3.9,0.4,2.082
0.8,4.9,0.4,2.946
0.1,5.7,0.5,2.541
3.6,5.6,0.5,2.541
7.4,6.6,0.5,3.444
5.5,4.5,0.4,4.242
9.8,7.5,0.6,4.319
23.9,8.3,0.6,11.646
1.5,8.7,0.7,12.842
0,4.7,0.5,8.716
0,9,0.7,6.556
1.2,8,0.7,5.283
0.2,5.9,0.6,4.435
0,7.6,0.6,3.822
0,10.8,0.8,3.32
0,6.8,0.6,2.896
8.2,9.8,0.8,2.796
0.1,4.2,0.5,2.981
3.3,2.9,0.4,2.572
6.4,4.8,0.6,2.634
21.3,7.3,0.7,3.745
10,4.5,0.6,6.826
0.8,6.9,0.7,5.129
1.3,9.2,0.9,4.396
15.6,8.1,0.8,4.088
5.5,2.3,0.5,4.358
0,-0.3,0.3,4.011
0,-0.8,0.3,3.525
0.2,0,0.3,3.135
2.1,0.9,0.4,2.869
23.5,1.3,0.4,3.131
30.1,3.1,0.6,8.523
0.4,-2.1,0.2,8.831
11,0.8,0.4,6.286
17.1,2.9,0.6,7.096
16.5,0,0.4,7.404
18.8,5,0.8,12.688
10.5,7.3,0.9,12.958
10.4,5.1,0.8,11.801
1.5,3.2,0.6,9.255
1.7,3.5,0.7,7.25
4.8,0.3,0.4,5.939
0,-0.8,0.3,4.936
0,-0.2,0.4,4.281
0,1,0.5,3.768
1.3,3.9,0.7,3.401
1.4,6.6,1,3.178
0,4.5,0.8,2.873
0,5.6,0.9,2.588
0,3.4,0.7,2.368
0,8.5,1.2,2.19
0,10.5,1.4,2.063
0,10.9,1.5,1.99
4.2,4.5,0.9,1.963
0.1,5,0.9,1.867
0,6.1,1.1,1.72
0,9.3,1.4,1.635
29.7,10.1,1.5,1.762
50,9.3,1.4,9.834
13.6,10.6,1.6,22.29
9.1,9.5,1.5,16.66
6.8,6.3,1.2,10.412
0,1.9,0.7,8.33
0,0.6,0.6,6.325
0,-0.9,0.5,5.206
0,-0.5,0.5,4.512
0,0.4,0.6,4.049
0,2.5,0.8,3.59
0,4.3,1,3.212
0,4.8,1.1,2.927
0,5.5,1.2,2.711
0,6.8,1.4,2.53
0,9.3,1.7,2.422
0,9.5,1.7,2.333
0,8.5,1.6,2.175
0,6,1.3,2.025
0,3.4,1,1.89
0,3.9,1.1,1.759
0,4.8,1.2,1.647
0,5.3,1.3,1.57
0,4.2,1.2,1.496
0,5.4,1.3,1.435
0.1,8.7,1.8,1.442
11,5.6,1.4,1.477
2.8,3,1.1,1.554
4.3,2.2,1,1.384
5.6,3.1,1.1,1.423
0.7,4.7,1.3,1.381
1.7,5.3,1.4,1.257
2.8,3.9,1.2,1.269
0.5,4.7,1.4,1.211
0,8.3,1.9,1.107
0,9.9,2.1,1.057
0,11.3,2.3,1.007
0,11.3,2.3,0.976
0,13,2.6,0.976
11.5,9.6,2.1,1.111
1.3,6.5,1.7,1.311
1.6,9.4,2.1,1.034
4.2,8,1.9,1.014
1.7,11.3,2.4,0.941
9.9,8.3,2,1.088
12.3,6.8,1.8,1.234
14.1,5.4,1.6,2.187
24.7,5,1.5,2.684
0.9,4.3,1.4,3.529
0.1,5.9,1.7,2.646
0,10.7,2.4,2.306
0,14.2,3,2.044
1.6,15.1,3.1,1.855
9.4,12.7,2.8,1.851
6.7,11.8,2.7,1.975
0.1,10.6,2.5,1.851
0.8,13.2,2.9,1.597
0,11.7,2.7,1.396
0,13.4,3,1.28
0,16,3.4,1.215
0,20.1,4.1,1.169
3,12.6,2.9,1.172
0,11.6,2.7,1.138
0,13.2,3,1.057
0,16.2,3.5,0.999
2.1,15.7,3.4,0.976
11.8,9.6,2.5,1.292
0.9,13.1,3,1.18
3.4,8.6,2.3,1.076
1,9.4,2.4,0.972
4.2,8.8,2.3,0.914
0.9,10.6,2.6,0.883
0.4,10.1,2.5,0.872
0,10.7,2.7,0.818
0,13.6,3.2,0.779
0,15.5,3.5,0.767
0,16.3,3.6,0.729
3.2,16.2,3.6,0.717
3.7,16.7,3.7,0.841
18.1,13.5,3.2,1.211
24.3,13,3.1,1.153
1.8,11.3,2.8,1.496
0.2,12.4,3,0.972
7.1,12.8,3.1,1.049
0.5,10.5,2.7,1.284
0.2,11.4,2.8,0.987
0,16.6,3.7,0.875
0,18.2,4,0.821
0,21,4.5,0.791
2.2,21.9,4.7,0.775
0,20.1,4.4,0.764
0,23.5,4.9,0.71
0,25.4,5.3,0.686
1.7,23.1,4.9,0.659
3.3,21.1,4.6,0.702
1.3,19.3,4.2,0.69
0,21.6,4.7,0.636
16.7,20,4.4,0.74
0,16.9,3.8,1.388
0,16.1,3.7,0.713
0,17.4,3.9,0.659
0,17.6,4,0.602
0,12.7,3.1,0.586
0,11.3,2.8,0.555
0,14.2,3.3,0.559
3.3,16.4,3.7,0.536
1.5,13.3,3.1,0.625
7.6,14,3.3,0.613
0.1,11.9,2.9,0.737
2,15.2,3.5,0.575
0.5,14.5,3.4,0.567
0,16.1,3.6,0.563
0.5,19.5,4.2,0.544
3,19.5,4.2,0.509
13.5,13.4,3.2,0.814
0,14.7,3.4,0.621
3.7,16.6,3.7,0.532
1.4,15.7,3.5,0.582
4.7,15,3.4,0.567
4.3,16.2,3.6,0.686
38,15.2,3.4,0.848
6.8,14.8,3.3,2.464
0.3,14.6,3.3,1.111
0,14.4,3.2,0.794
0,17.1,3.7,0.683
0,16.8,3.6,0.625
0,13.9,3.1,0.575
0,16.8,3.6,0.551
2.9,16,3.5,0.594
0.4,14.4,3.2,0.578
0.1,14.9,3.2,0.544
0,17.7,3.7,0.551
0,19,3.9,0.524
0,20.8,4.1,0.49
0.9,21.7,4.3,0.536
11.5,17.8,3.6,0.594
8.7,14.4,3.1,0.945
1.4,15,3.1,0.74
0.6,15,3.1,0.563
7.9,14.9,3.1,0.54
1.4,15.3,3.2,0.513
11.9,14.1,3,0.501
0.5,14.5,3,1.049
1.4,13.7,2.8,0.686
13.7,13.9,2.9,0.694
17.3,11.7,2.5,0.883
0.6,14,2.9,1.539
2.8,14.6,2.9,1.007
0.1,15.1,3,0.875
0,16.1,3.1,0.683
0,17.3,3.2,0.64
0,18,3.3,0.605
0,18.5,3.4,0.563
0,18.9,3.4,0.551
3.1,20.3,3.6,0.544
20.2,17.1,3.1,0.879
0.3,14.7,2.8,1.091
0,15.8,2.9,0.694
0.6,15.9,2.9,0.59
0.6,16.5,2.9,0.598
0.1,16.7,2.9,0.548
3.9,17.4,3,0.536
8,16.6,2.9,0.555
3.5,16,2.8,0.675
0.1,17.3,2.9,0.571
0,17.5,2.9,0.524
4.8,16.8,2.8,0.513
0,13.1,2.3,0.575
0,13.7,2.4,0.505
8.1,13.9,2.4,0.59
0.5,14.8,2.5,0.756
0,13.7,2.3,0.544
0,14.4,2.4,0.494
0.2,14.3,2.3,0.478
0.3,14.9,2.4,0.482
2.9,14.4,2.3,0.474
18.1,11,1.9,0.524
4.3,11,1.9,0.964
0.1,13,2.1,0.64
0,11.1,1.8,0.509
0,11.1,1.8,0.455
0,11.2,1.8,0.467
0,9.1,1.5,0.432
0,8.9,1.5,0.416
0,11.6,1.8,0.413
9.3,13.6,2,0.482
0.1,14.1,2,0.528
0,11.6,1.7,0.455
13.5,9.3,1.5,0.482
7.4,7,1.2,0.779
2.2,4.7,1,0.71
0.2,5.8,1.1,0.563
10.3,7.5,1.2,0.771
1.3,8.4,1.3,0.814
0,6.6,1.1,0.613
0,5.8,1,0.524
0.2,6.6,1.1,0.49
0.1,8.6,1.2,0.482
0,10.3,1.4,0.463
1,12.5,1.6,0.447
8.5,8.6,1.2,0.544
18.3,8.2,1.1,0.528
13.4,9.2,1.2,2.322
0.1,6.5,1,1.627
0.2,5.1,0.8,0.96
0,6,0.9,0.798
0,7,0.9,0.717
0.4,6.3,0.9,0.694
1.8,6.9,0.9,0.71
0.2,7.3,1,0.679
0.5,9.8,1.1,0.629
7.7,11.7,1.3,0.636
14.7,13.2,1.4,1.508
12.1,8.6,1,1.392
9.1,5.2,0.7,2.013
0.3,3.3,0.6,1.897
0.2,4,0.6,1.408
11.2,11.7,1.1,1.427
3.8,12.1,1.2,2.295
8.7,8.5,0.9,2.256
10.7,6.1,0.7,2.009
15.4,11,1,3.934
0.7,10.1,1,3.818
3.8,11.2,1,2.946
0.4,6.4,0.7,2.376
0,9.1,0.8,1.998
0.6,12.1,1,1.805
0.3,10.3,0.9,1.631
13.8,9.6,0.8,1.462
24.6,10.6,0.9,4.743
16.3,9.9,0.8,8.484
6.2,6.2,0.6,7.52
1.6,5.5,0.6,5.862
2,2.1,0.4,4.666
11,2.6,0.4,4.821
10.5,3.1,0.4,4.281
12.2,5.7,0.6,9.217
16.2,4.8,0.5,7.983
8.3,9,0.7,11.955
0.1,7.3,0.6,9.101
5.6,6.3,0.5,6.98
20.3,4.7,0.5,6.209
15.4,7.3,0.6,7.52
12.8,7.9,0.6,10.605
0.2,6.3,0.5,10.22
1.4,5.5,0.5,7.559
0.1,5,0.4,5.9
0.1,4.6,0.4,4.743
4,7.1,0.5,4.049
0.5,5.1,0.4,3.895
8.5,4.8,0.4,3.32
1.1,5.8,0.4,3.158
3.7,5.3,0.4,2.834
0.1,6.1,0.5,2.565
0.2,5.2,0.4,2.341
9.2,9.3,0.6,2.279
1.5,5.6,0.4,2.634
1.3,4.6,0.4,2.237
6.8,3.4,0.3,2.136
2.1,3.9,0.3,2.757
2,2.6,0.3,2.329
0.1,2.1,0.3,2.14
1.2,1.9,0.3,2.044
0,-0.1,0.2,1.87
0.2,-1.3,0.1,1.705
0,-1.9,0.1,1.566
0,-5.2,0,1.435
0,-4.5,0,1.489
0,-5.4,0,1.485
0,-2.1,0.1,1.427
0,1.7,0.2,1.442
1.3,0.4,0.2,1.415
10.6,3.3,0.3,1.577
11.2,4.7,0.3,2.553
0,2.5,0.3,3.031
0,-1.4,0.1,2.283
0,-3.1,0.1,1.975
5.5,2.8,0.3,1.936
10.6,6.9,0.4,3.228
19.8,8.4,0.5,6.44
0.2,7.3,0.4,7.019
2.5,7.4,0.4,4.975
3.4,6.2,0.4,4.242
3.5,6.2,0.4,3.853
0.4,9.3,0.5,3.382
7.3,7,0.4,3.135
14.3,6.1,0.4,3.575
2.8,8.8,0.5,4.358
9.6,5.8,0.4,4.551
12.7,5.9,0.4,4.743
24,9.2,0.5,7.829
16.1,5.7,0.4,9.024
27.7,1.6,0.2,11.646
0.9,-4.8,0,10.142
0.2,-6.4,0,7.482
0,-7.7,0,5.708
0,-9,0,4.705
0,-8.9,0,3.972
0,-10.5,0,3.336
0,-8.3,0,2.915
0,-8.8,0,2.568
5.1,-3.3,0.1,2.414
0.3,1.6,0.3,2.588
1.9,1.7,0.3,2.484
0.4,0.6,0.2,2.507
0,-0.4,0.2,2.221
0,0.8,0.2,2.106
1.7,2.4,0.3,2.079
4,4.3,0.4,2.376
4.3,3.9,0.4,2.946
8.7,3.6,0.4,2.892
3.8,2.7,0.4,3.895
0,-1.2,0.2,3.671
2.6,-1.1,0.2,3.197
2.5,1.6,0.3,3.143
4.6,5.4,0.5,3.101
10.5,3.3,0.4,3.698
10.5,-0.3,0.2,3.664
6.3,-2.6,0.1,3.571
0.1,-7.5,0,3.143
1.2,-6.8,0,2.761
7.2,-0.3,0.2,2.73
18.7,1.3,0.3,4.551
8.5,-2,0.2,4.898
4.6,-2.1,0.2,4.011
0.6,-3,0.1,3.355
0.2,-2.8,0.1,2.885
0.1,0.5,0.3,2.707
0,0.2,0.3,2.599
0,-3,0.1,2.395
0,-4.2,0,2.152
0,-6.2,0,1.971
0,-7,0,1.793
0,-8.8,0,1.67
0,-6.2,0,1.57
0,-5,0,1.492
0,-6.3,0,1.381
0,-6.3,0,1.315
0,-5.6,0,1.288
0,-4.8,0,1.249
0,-3.4,0.1,1.219
0,-1.8,0.2,1.188
0,0.2,0.4,1.18
0,-0.2,0.3,1.184
0,0.3,0.4,1.184
0,3.3,0.6,1.253
0,3.2,0.6,1.296
0.1,4.5,0.7,1.512
9.4,5.3,0.8,2.028
14.9,4.2,0.7,4.396
1.4,1.2,0.5,5.592
0.1,1.8,0.5,4.628
0,5.2,0.8,4.242
4.3,5.2,0.9,4.242
0.1,2.6,0.7,3.841
0,4.2,0.8,3.409
0,8.1,1.2,3.081
0,9.8,1.3,2.804
0,13.7,1.7,2.676
4.7,6.4,1.1,2.703
0,3.2,0.8,2.422
0,0.6,0.5,2.163
0,0.7,0.6,1.994
0,1.7,0.7,1.832
0,3.4,0.8,1.728
0,2.6,0.7,1.647
0,3.4,0.8,1.581
0,3.4,0.8,1.492
0,2.9,0.8,1.427
0,2.4,0.7,1.369
0,3.4,0.9,1.311
0,7.8,1.4,1.257
0,8,1.4,1.23
0,8.1,1.4,1.211
0,7.9,1.4,1.188
0.2,10.1,1.7,1.142
0.3,11.3,1.8,1.149
2.9,8.7,1.5,1.207
0,6.5,1.3,1.118
25.3,7.7,1.5,1.049
5.1,2.4,0.9,2.568
0.2,1.4,0.8,1.546
0,1.6,0.8,1.276
0,5.5,1.3,1.207
0,2.7,0.9,1.126
0,-1.7,0.4,1.018
0,-0.9,0.5,0.972
0,0.1,0.7,0.956
4,-1.3,0.5,0.937
0.2,1.5,0.9,0.949
0.2,4,1.2,0.929
0,7.2,1.6,0.906
0,10.5,2,0.875
0,12.3,2.3,0.825
0,12.8,2.4,0.794
0,12.8,2.4,0.791
0,10.2,2.1,0.764
3.4,3.6,1.2,0.733
0.1,9.1,1.9,0.848
1.8,12.5,2.4,0.76
8.4,9.5,2,0.818
0,10.4,2.2,0.76
0,11.4,2.3,0.717
0,14.6,2.8,0.725
4.5,12.5,2.5,0.721
1.1,9.8,2.2,0.76
2,15.2,3,0.671
0.2,12.8,2.6,0.698
13.8,10.8,2.4,0.941
0,10.2,2.3,0.956
2.4,10.4,2.3,0.74
0,9.8,2.2,0.694
0,14.9,3,0.644
0,19.1,3.7,0.64
0,16.9,3.4,0.617
0,15.3,3.1,0.648
21.8,17.5,3.5,0.69
3.1,13.2,2.8,1.111
0,11.1,2.6,0.852
0.2,12.8,2.8,0.713
2.6,13.9,3,0.683
4.4,7.7,2,0.806
5.3,4.8,1.6,0.76
0.2,6.6,1.9,0.702
0.6,9.4,2.3,0.648
3.8,10.5,2.5,0.64
4.2,13.3,3,0.798
16,13,3,1.192
4.1,8.8,2.2,1.519
1.4,7.9,2.1,1.099
8.7,11,2.7,1.357
0,15.5,3.4,1.369
4.2,15.7,3.4,1.053
3.8,10,2.5,0.972
0,11.1,2.7,0.926
0,14.9,3.3,0.864
1.4,16.3,3.6,0.833
0,17.1,3.7,0.798
3.2,18.5,4,1.276
0,18.8,4.1,1.057
0,19.1,4.1,0.856
3.7,18.1,4,0.779
11.2,19.2,4.2,0.825
0,21.1,4.5,0.744
0.1,19.9,4.3,0.675
0.2,17.8,3.9,0.656
0.7,19.6,4.3,0.667
0.1,20.7,4.5,0.632
0,17.8,3.9,0.609
0,22.9,4.8,0.567
0,21.9,4.7,0.559
7.5,22.8,4.8,0.544
1.7,21.3,4.6,0.559
5.4,20.9,4.5,0.571
0,20.2,4.4,0.528
0,19.9,4.4,0.49
0.5,19.8,4.3,0.478
0,17.2,3.8,0.47
0,17.8,4,0.463
0,17.8,4,0.455
0,17.2,3.9,0.436
0,23.1,4.9,0.424
2.3,25.6,5.3,0.413
0,20.4,4.4,0.424
0,19.4,4.2,0.424
6.4,18.1,4,0.443
2,18.6,4.1,0.497
0,18.4,4.1,0.424
0,21.4,4.6,0.413
2.8,22.1,4.7,0.405
5.6,14.8,3.4,0.424
10.1,14.4,3.3,0.69
9.6,13,3.1,0.833
7.6,12.9,3.1,0.767
0.1,14.1,3.3,0.752
0,15.1,3.5,0.528
0,16.6,3.7,0.467
0,18,4,0.436
0,18.5,4,0.424
0,19.1,4.1,0.416
0,19.8,4.2,0.397
0,18.6,4,0.397
0,19,4.1,0.379
0,20.1,4.2,0.368
0,22.7,4.6,0.363
1.3,22.2,4.6,0.428
0,16.4,3.6,0.42
0,18.3,3.9,0.365
0,21.9,4.5,0.353
5.2,23.1,4.6,0.361
7.2,19.1,4,0.467
2.4,19,4,0.393
0,18.4,3.8,0.371
1.8,17.6,3.7,0.345
5.4,18.3,3.8,0.379
2.2,19.3,4,0.524
13.2,18.1,3.7,0.737
0,15.3,3.3,0.713
0,15.5,3.3,0.42
2.8,16.9,3.5,0.413
0,16.3,3.4,0.44
0,19.7,3.9,0.424
0,22.7,4.4,0.38
0,25,4.7,0.364
0,26.1,4.9,0.356
0,26.7,4.9,0.347
0,25.9,4.8,0.33
0,26.4,4.8,0.327
0,26.4,4.8,0.369
0,26.4,4.8,0.354
0,25.4,4.6,0.365
0,23.6,4.3,0.345
0,26.5,4.7,0.35
0,28.2,4.9,0.44
3.2,23,4.1,0.582
0.1,18.5,3.4,0.636
0.9,20.7,3.7,0.648
4.8,21.5,3.8,0.656
0.2,19.6,3.5,0.667
0,20.5,3.6,0.555
0,20.4,3.6,0.432
0,20.7,3.6,0.436
0,20.7,3.6,0.432
0,20.5,3.5,0.432
0,21.1,3.6,0.436
0,18.8,3.2,0.432
0,21.3,3.5,0.424
0,19.9,3.3,0.42
13.1,19.4,3.2,0.447
7.1,16.8,2.9,0.64
4.2,13.4,2.4,0.594
0.1,11.9,2.2,0.509
0,12.1,2.2,0.455
0,11.3,2.1,0.44
0,12.5,2.2,0.428
0,15,2.5,0.42
0.6,17.7,2.8,0.413
3.8,16.2,2.6,0.436
17.4,15.4,2.5,0.532
0,13,2.2,0.729
0.1,14.4,2.3,0.505
10.6,12.5,2.1,0.467
0,12.6,2.1,0.706
0,13.4,2.1,0.509
0,13.5,2.1,0.486
0,12.8,2,0.451
0,14.6,2.2,0.432
0,16.3,2.3,0.44
0,17,2.4,0.447
0,19.8,2.7,0.455
0,21.5,2.8,0.459
0,21.9,2.8,0.44
0,21.5,2.7,0.44
5.1,20.6,2.6,0.44
0.9,11,1.6,0.505
0,8,1.3,0.474
0,11.5,1.6,0.424
0.1,16.2,2.1,0.447
0,14.5,1.9,0.467
7.1,12.4,1.7,0.482
0.2,8.9,1.3,0.494
0,10.5,1.4,0.436
9.9,12.5,1.6,0.524
15.6,17.3,2,0.544
4.5,15.4,1.8,0.783
1.5,9.7,1.3,0.694
3.8,5.1,0.9,0.567
4.5,6.4,1,0.532
38.8,5.7,0.9,1.597
9.8,6.1,0.9,1.142
0.6,10.5,1.3,1.377
0.1,10.4,1.3,0.837
0,11.1,1.3,0.605
0,9.3,1.1,0.582
0,8,1,0.494
0,6.2,0.9,0.486
0,4.1,0.7,0.432
0,4.4,0.7,0.413
0,3.7,0.6,0.42
0.3,3.1,0.6,0.432
9.4,4.7,0.7,0.424
17.9,3.9,0.6,0.717
1.8,1.8,0.5,1.103
0,1.7,0.5,0.733
14.9,-0.3,0.3,0.698
0,-2.3,0.2,0.725
0,0,0.3,0.575
0,1.1,0.4,0.559
0,0.4,0.3,0.517
0.2,1.7,0.4,0.47
3.6,5.5,0.6,0.532
10.9,2.5,0.5,0.767
6.2,6.2,0.7,1.18
1.6,6.1,0.6,1.095
3.1,7.1,0.7,0.922
2.5,9.4,0.8,0.945
0.2,6.6,0.6,0.841
0.2,4.6,0.5,0.725
0,3.8,0.5,0.636
0,2.8,0.4,0.644
0,2.3,0.4,0.602
0,6.5,0.6,0.571
0.1,5.5,0.5,0.594
0,1.3,0.3,0.54
4.9,3.2,0.4,0.54
0.2,4.4,0.5,0.613
1.4,4.2,0.4,0.551
1.1,5.7,0.5,0.575
16.7,6.4,0.5,0.837
0.4,3,0.4,1.554
1.2,5.6,0.5,0.933
0.1,5.7,0.5,0.837
0.3,7.1,0.5,0.76
0,9.4,0.6,0.71
0,11.1,0.7,0.675
0.9,9.2,0.6,0.629
0,9.2,0.6,0.617
0.1,8.6,0.6,0.609
5.4,6.8,0.5,0.602
19.6,4.7,0.4,0.864
2.9,2.2,0.3,1.392
0.2,1.5,0.3,1.08
0.3,5.2,0.4,0.914
0,6,0.4,0.852
0,5.1,0.4,0.833
0,4.2,0.3,0.794
0,1.5,0.2,0.764
0.1,1.2,0.2,0.733
0.7,0.7,0.2,0.702
0,-3.2,0.1,0.64
0,-3,0.1,0.571
0,-3.3,0.1,0.551
0,-1.4,0.1,0.571
4.1,2.8,0.3,0.571
1.2,4.9,0.4,0.756
20.1,8.2,0.5,0.872
9.4,4.5,0.3,2.8
7.8,0.2,0.2,1.936
1.6,-0.8,0.2,1.562
0.2,-1.4,0.1,1.346
0,-0,0.2,1.203
0.2,5,0.4,1.207
9.6,6.2,0.4,1.249
11.5,3,0.3,2.133
2.3,-1.5,0.1,2.268
0.4,-3.1,0.1,1.766
0,-4,0,1.5
0.2,-0.3,0.2,1.323
0,4.3,0.3,1.3
7.8,4.2,0.3,1.489
3.1,3.4,0.3,1.489
0.1,-1.5,0.1,1.338
0.7,-1.9,0.1,1.219
0.5,-2.1,0.1,1.103
3.9,-3.1,0.1,1.088
0.3,-4.3,0,1.034
0,-8.2,0,0.918
0.3,-5.4,0,0.895
0.8,-0.8,0.2,0.883
2.8,2,0.3,0.922
0.1,1.9,0.3,1.053
11.3,1.5,0.2,1.053
14.7,4,0.4,2.252
1.7,3.7,0.3,2.696
32.8,7.8,0.5,3.829
22.6,5.6,0.4,8.677
70.9,6.6,0.5,21.789
14.3,3,0.3,25.337
5.5,0.4,0.2,12.996
13.9,2.3,0.3,9.14
4,1.4,0.3,10.297
0.8,-1,0.2,7.482
19.3,-2.2,0.1,5.708
5.8,1.5,0.3,7.751
0,-3.2,0.1,6.44
0,-4.1,0,4.975
0,-2.9,0.1,4.204
3.4,-0.6,0.2,3.691
1.7,-0.6,0.2,3.374
8.3,-2.8,0.1,2.942
5.7,-2,0.2,2.7
6.3,-2.9,0.1,2.468
2,-3.4,0.1,2.237
0,-2.5,0.1,2.025
0.6,5.3,0.5,2.376
0.2,7.3,0.6,4.204
0,8.6,0.7,4.242
0,6.2,0.6,4.011
0,7.1,0.7,3.783
0,9.1,0.8,3.513
0.6,11.6,0.9,3.332
12.6,5.2,0.6,3.401
12.4,1.5,0.4,3.972
0.1,-1.1,0.2,3.49
5.3,-1.2,0.2,3
3.4,0.7,0.3,2.919
0,0.2,0.3,2.827
0,0.5,0.3,2.634
0,2.2,0.5,2.507
0,2.5,0.5,2.379
0,1.9,0.5,2.217
0,0.9,0.4,2.082
0.7,-0.4,0.3,1.959
0,-2.2,0.2,1.836
0,-2,0.2,1.712
0,0.7,0.4,1.678
8.3,2.5,0.5,1.832
1.3,-3.2,0.1,1.789
0,-4.8,0,1.523
1.9,-2.1,0.2,1.465
0.1,-4,0.1,1.462
0.2,-5.5,0,1.35
1.1,-5.1,0,1.284
0,-3.4,0.1,1.265
0,-4.5,0,1.184
1.7,-3.1,0.2,1.08
0,-2.3,0.2,1.13
0,0.5,0.4,1.142
4,1.2,0.5,1.165
0.5,1.2,0.5,1.377
0.6,0.9,0.5,1.284
2.3,-0.5,0.4,1.249
2.2,-3.5,0.1,1.149
0,-4.1,0.1,1.13
0.1,-3.6,0.1,1.072
6.4,1,0.5,1.161
1.8,4.4,0.9,1.492
0.1,4.6,0.9,1.354
0,7,1.2,1.257
0,8.5,1.3,1.246
0,13.1,1.8,1.238
0.2,13.8,1.9,1.226
8.3,9.5,1.5,1.249
2.3,9.6,1.5,1.573
11,6.5,1.2,1.766
4,3,0.9,1.924
3.9,1.9,0.7,1.813
0.2,2.1,0.8,1.739
0,0.5,0.6,1.585
0,-0.2,0.5,1.489
0,-0.2,0.5,1.411
0,1.1,0.7,1.354
0,4.4,1,1.319
0,6.7,1.3,1.323
0,9,1.6,1.269
0,10,1.7,1.249
3.6,10,1.8,1.199
0,8.1,1.6,1.296
15.4,7.6,1.5,1.354
16.9,5.2,1.3,1.82
14.8,2.9,1,3.309
4.9,2.2,0.9,3.27
0.3,2.1,0.9,3.031
0,2.8,1,2.653
0.7,3.9,1.2,2.329
0.1,4,1.2,2.113
0,5.7,1.4,1.921
0,5.9,1.4,1.762
0,6.4,1.5,1.666
0.1,7.6,1.7,1.562
0,11.1,2.2,1.462
3.5,10,2,1.419
0.5,8.4,1.9,1.462
0,6.2,1.6,1.315
0.3,8.1,1.8,1.222
0,12.4,2.4,1.184
7.8,14.4,2.7,1.157
0.9,9.2,2,1.234
0.2,8.1,1.9,1.08
0.2,9.1,2,1.018
0.1,10.7,2.3,0.987
6.6,11,2.3,0.991
7.1,12.2,2.5,1.165
0.1,12.1,2.6,1.273
0.9,13.1,2.7,1.037
1.3,8.9,2.1,1.041
3.7,9.5,2.2,0.964
1.3,11,2.4,0.949
1.6,11,2.5,0.926
1.3,6.4,1.8,0.941
5.2,5.9,1.7,0.976
8.8,6.1,1.7,0.949
42.9,4.4,1.5,2.815
3.5,5.8,1.7,5.978
0.1,8.9,2.2,3.625
2.1,10.5,2.5,2.757
0,9,2.2,2.306
0.2,7,1.9,2.036
0,9.9,2.4,1.801
0,12.5,2.8,1.597
0,12.1,2.8,1.446
0,14.8,3.2,1.346
0,17.2,3.6,1.28
0,16.8,3.6,1.211
4.6,17.2,3.7,1.142
10.2,12.1,2.8,1.404
0,7.4,2.1,1.253
0,7.7,2.1,1.049
0,10.5,2.6,0.945
0,12.6,2.9,0.91
0.6,13.7,3.1,0.902
0,11.5,2.8,0.864
0,12.1,2.9,0.821
0,14.6,3.3,0.775
4.9,16.1,3.6,0.752
0.8,13,3.1,0.81
2.2,11.1,2.7,0.794
27.7,11.9,2.9,1.246
1.6,11.8,2.9,2.028
0.6,12.2,3,1.172
1.1,11.7,2.9,1.068
0,13.5,3.2,0.972
0,17,3.8,0.899
0,21.6,4.6,0.845
0,23.1,4.8,0.81
7.4,21.7,4.6,0.787
2.9,16.1,3.7,0.891
1.3,13,3.1,0.825
5.5,11,2.8,0.825
0,14.6,3.4,0.798
0.7,17.3,3.9,0.725
0,14.7,3.4,0.694
0,16.9,3.8,0.663
0.1,13.6,3.2,0.644
3.2,10.6,2.7,0.648
1.7,11.9,2.9,0.667
1.5,12,3,0.663
2.4,14.7,3.4,0.683
0.8,17.4,3.9,0.59
0.2,13.5,3.2,0.513
0,13.4,3.2,0.497
0,16,3.6,0.478
0,20.2,4.4,0.47
0,17.9,4,0.463
0,16.8,3.8,0.44
0,18.2,4,0.42
0.6,14.9,3.5,0.424
5.5,12.2,3,0.49
0,13.1,3.1,0.532
0,16.9,3.8,0.443
8,17.1,3.8,0.44
0.5,16,3.6,0.582
13,15.9,3.6,0.501
2.7,14.8,3.4,0.648
2.5,12.2,2.9,0.517
4.3,10.9,2.7,0.54
2.6,11.2,2.8,0.575
5.5,11.5,2.8,0.602
2.8,11.6,2.8,0.733
0,15.4,3.5,0.602
0.4,16.8,3.6,0.509
0,19.4,4.1,0.486
4,19.4,4.1,0.54
0.2,19.8,4.2,0.532
9.1,19.1,4,0.47
1.7,17.1,3.7,0.821
4.4,20,4.1,0.617
0.8,21.4,4.3,0.586
0.2,21.6,4.4,0.517
0.5,18.5,3.8,0.497
0,17.8,3.7,0.463
3.7,13.8,3.1,0.443
0,14.7,3.2,0.517
0,16.5,3.4,0.44
0,18.6,3.8,0.428
0,21.1,4.1,0.405
0,21.7,4.2,0.377
0,22.3,4.3,0.379
0,21.4,4.1,0.377
0.1,21.5,4.1,0.369
0,20.5,4,0.393
2.2,21.4,4.1,0.397
0.5,19.4,3.7,0.409
8.7,18.1,3.5,0.478
0.2,20.8,3.9,0.405
0,22,4.1,0.405
18.3,19.3,3.6,0.44
0.1,19.2,3.6,0.659
3.3,17.8,3.4,0.459
16.1,14.6,2.9,0.49
13.5,13.7,2.7,1.411
0.2,16.3,3.1,0.806
8.8,15.3,2.9,0.656
8.4,16.8,3.1,0.717
12.9,19.5,3.5,0.806
2.6,16.4,3,1.107
6.2,14.8,2.8,0.748
6.8,12.4,2.4,0.91
0.2,12.2,2.4,1.068
2.1,16.6,2.9,0.71
8.4,15.9,2.8,0.825
7.8,12.6,2.4,0.81
5.7,12.7,2.4,1.257
0,14.6,2.6,1.122
2.4,15.8,2.7,0.779
3.6,16.3,2.8,0.787
6.9,13.6,2.4,1.007
0.1,11.5,2.1,0.837
0,12.2,2.1,0.667
0.1,15.4,2.6,0.621
4.4,17.7,2.8,0.659
0,18.3,2.9,0.609
0,18.6,2.9,0.555
0,16.9,2.7,0.517
0,17,2.6,0.486
0,16.2,2.5,0.47
0,14.7,2.3,0.447
2.2,17.5,2.6,0.443
3.3,18.4,2.7,0.463
0,13.4,2.1,0.47
4.6,14.9,2.2,0.44
5.7,14.3,2.2,0.64
2.4,11.1,1.8,0.532
0,8.8,1.5,0.478
0,10.6,1.7,0.436
0.4,12.5,1.8,0.42
0.9,12.8,1.9,0.432
2.2,12.6,1.8,0.436
0.6,11.4,1.7,0.44
5,10.1,1.5,0.409
24.3,11.8,1.7,1.527
6.4,7.8,1.3,1.55
2.5,8.1,1.3,0.999
0.3,8.1,1.3,0.837
2.4,10.6,1.5,0.74
1.3,12.2,1.6,0.779
3,11.9,1.6,0.825
0.8,12.2,1.6,0.848
0.1,12.7,1.6,0.756
0,11.8,1.5,0.686
0,11.2,1.4,0.644
0,14.9,1.7,0.621
3.2,19.5,2.1,0.586
6.7,13.1,1.5,0.686
5.8,9.8,1.2,0.698
15.3,9.1,1.1,0.841
9,8.2,1.1,1.373
24,7.5,1,2.298
0.2,6.4,0.9,2.376
0.1,7.5,1,1.527
4.8,8.3,1,1.342
7.4,8.2,1,1.392
12.5,5.4,0.8,2.055
3.8,4.3,0.7,2.067
15.2,5.4,0.8,1.998
2.7,5.9,0.8,3.043
5,7.5,0.9,2.437
4.4,12.6,1.2,2.487
0.2,11.1,1.1,2.156
0.2,10,1,1.805
0.1,14.4,1.3,1.643
2.4,17.2,1.4,1.469
8.2,11.5,1.1,1.481
15,7.2,0.8,2.21
4.8,6.7,0.7,1.982
8,9.5,0.9,1.913
37.3,10,0.9,2.16
0.6,7.3,0.7,5.939
0.2,7.1,0.7,3.934
1.5,7.2,0.7,3.174
0.3,7.5,0.7,2.703
0.1,10.8,0.9,2.356
5.9,10.9,0.9,2.106
0,7.4,0.7,2.264
3.3,5.3,0.6,1.851
0.2,3,0.4,1.832
0,0.9,0.3,1.612
5.2,-0.4,0.2,1.5
0.9,-0.7,0.2,1.492
0,-0,0.2,1.384
2.6,0.8,0.3,1.323
0.5,0.8,0.3,1.323
0.1,-0.4,0.2,1.238
0.1,-0.9,0.2,1.142
0.2,2.1,0.3,1.115
2,5.3,0.5,1.142
19.5,5.7,0.5,1.284
2.3,1.2,0.3,3.363
0.3,-1.1,0.2,2.395
3.7,-0.1,0.2,2.075
8,6.9,0.5,2.422
6.9,6.8,0.5,3.081
0,0.6,0.2,3.016
0.2,0.1,0.2,2.723
2.1,5,0.4,2.545
1.1,4.4,0.4,2.541
10.4,2.8,0.3,2.499
0.2,3.2,0.3,2.962
0,1,0.2,2.495
1.1,0.9,0.2,2.329
5.6,1.8,0.3,2.256
0.5,4.4,0.4,2.356
0.1,3.2,0.3,2.052
0,0.8,0.2,1.909
0.2,0.6,0.2,1.789
0,-1.4,0.1,1.67
0.1,-2.4,0.1,1.558
0.1,-2.7,0.1,1.462
0,-3.6,0,1.404
0,-4.7,0,1.342
0,-5.3,0,1.261
0.1,-3.5,0,1.196
0.1,0.5,0.2,1.149
0.1,1.3,0.2,1.126
6.6,4.2,0.3,1.153
22.8,3.2,0.3,1.928
16.6,0.8,0.2,3.694
19.3,-1.3,0.1,3.05
0.1,-5.9,0,2.445
0.1,-8,0,2.017
3.7,-4.9,0,1.805
5.3,3.5,0.3,2.896
1.6,5.9,0.4,6.209
3.2,3.2,0.3,6.055
1.5,0.1,0.2,4.859
0,-1.1,0.1,4.011
6.4,-1.5,0.1,3.413
1.4,-1.1,0.1,3.008
0.4,-1.2,0.1,2.63
3.7,2.9,0.3,2.649
6.7,4.7,0.4,3.093
3,3,0.3,3.725
0.1,1.7,0.2,3.293
0,3.4,0.3,3.131
12.5,4.7,0.4,3.05
1.1,5.9,0.4,4.126
0,6,0.4,3.398
1.4,8.5,0.5,3.251
0.1,5.9,0.4,3.081
1.9,6.6,0.4,2.75
0.7,5,0.4,2.773
3.5,6.1,0.4,2.773
0.2,2.2,0.3,2.592
0.1,-0.9,0.2,2.252
0.1,-2.5,0.1,2.067
0.1,-0.2,0.2,1.928
4.2,3.1,0.3,1.894
17.6,2.4,0.3,2.95
3.7,0.7,0.3,2.85
26.8,5.1,0.4,4.126
1.6,3.1,0.4,11.107
0.2,0.3,0.2,7.482
5.8,-2,0.1,5.553
1.3,-3.8,0.1,4.628
1.7,-5.4,0,3.934
0.2,-6.2,0,3.421
1,-7.1,0,3.05
0.2,-6.1,0,2.742
0,-8,0,2.445
0.5,-6.4,0,2.202
10.6,-0.6,0.2,2.183
0.8,0.4,0.3,2.8
3.2,0.7,0.3,2.379
0,1.2,0.3,2.441
0.2,0.6,0.3,2.287
0,-2.2,0.1,2.082
0,-1.4,0.2,1.975
0.1,-1.9,0.2,1.874
0.1,1.8,0.4,1.743
0,1.4,0.4,1.728
7.4,3.1,0.5,1.751
16.4,4.6,0.6,4.204
26.7,7,0.7,13.652
10,-0.2,0.3,15.464
10,-1.3,0.2,9.564
3.3,-3.4,0.1,6.864
1.5,-4.3,0.1,5.283
0.1,-4,0.1,4.435
1,-4.2,0.1,3.856
6.8,-2.5,0.2,3.525
0.8,-3.1,0.1,3.239
2,-4.4,0,2.966
4.7,-4.8,0,2.723
1.8,-6,0,2.48
0.5,-6.1,0,2.248
0,-6.1,0,2.067
3.7,-6.3,0,1.936
0.8,-7.5,0,1.894
0,-11,0,1.724
0,-11,0,1.67
0,-7.5,0,1.647
0,-2.8,0.2,1.535
0.6,-3.9,0.1,1.546
4.5,-3.6,0.1,1.469
0.6,-6.3,0,1.361
2.8,-4.8,0,1.296
2.1,0.1,0.5,1.323
2.7,0.8,0.5,1.415
0.8,-0.4,0.4,1.465
1.5,-1.1,0.4,1.415
9.4,-0.2,0.4,1.766
0,-0.7,0.4,1.597
0,0.4,0.5,1.516
0,3.9,0.8,1.766
0,10.3,1.5,2.638
0,11.2,1.6,4.049
0,10.9,1.6,4.512
0,10.4,1.5,4.281
0,7.4,1.2,4.088
0,6.5,1.2,3.644
3.3,8.8,1.4,3.378
0,8.8,1.4,3.104
4.9,9,1.5,2.892
0.3,7.8,1.4,2.819
9.5,7.7,1.4,2.688
5.1,8.3,1.5,3.185
5.8,8.6,1.5,2.819
8.6,8.3,1.5,3.062
1.2,7.4,1.4,3.166
0,6.7,1.3,2.804
0,6.2,1.3,2.646
0,7.5,1.5,2.514
0,8.4,1.6,2.36
0,10,1.8,2.133
4.3,7.9,1.6,2.241
10.6,8.3,1.6,2.148
28,7.4,1.5,4.473
10.8,4.1,1.1,6.98
1.3,0.4,0.7,5.283
0.1,2.6,1,4.396
0,6.6,1.5,3.833
0,7.2,1.6,3.355
0,8.4,1.7,3.101
0,9.1,1.9,2.834
0,8.2,1.8,2.588
6.1,9.2,1.9,2.422
4.8,8.5,1.8,2.7
11,9.2,1.9,2.341
0.5,7.3,1.7,2.757
12,5,1.4,2.673
0,4.6,1.3,2.626
0,5.6,1.5,2.256
2.4,7.8,1.8,2.225
6.8,9,2,2.268
6.8,8.5,1.9,2.599
4.1,10.6,2.3,2.387
1.2,9.5,2.1,2.356
0,10.7,2.3,2.036
0,14.7,2.9,1.932
0,16.5,3.2,1.832
0,18.5,3.5,1.728
0.8,19,3.6,1.624
5.3,13.4,2.8,1.616
5.9,9.7,2.3,1.751
2.5,9.2,2.2,1.681
10.8,7.1,1.9,1.951
16.7,6.6,1.8,3.066
3.5,5.9,1.7,2.985
0,6.1,1.8,2.352
1.3,5.7,1.7,2.09
0,6.9,1.9,1.917
0,9.9,2.4,1.77
5.5,10.5,2.5,1.697
6.4,10.9,2.6,1.998
1.6,9.6,2.4,1.897
6.6,7.5,2,1.816
4,8.2,2.2,1.963
0,6.8,1.9,1.681
0,9.5,2.4,1.5
7.9,14.2,3.1,1.411
7.2,13.7,3.1,1.801
7,11.8,2.8,1.836
1.3,9.8,2.5,1.766
0,11.4,2.7,1.485
0,16.3,3.6,1.365
0,20.2,4.2,1.303
0,22,4.5,1.273
0,23,4.7,1.192
1.9,22.1,4.6,1.438
3.6,13.9,3.2,1.342
0,10.7,2.7,1.215
0,12.2,2.9,1.088
0,15.4,3.5,1.034
3.9,18.4,4,1.026
2.1,13.7,3.2,1.111
0.4,12.6,3,0.976
8.2,11.6,2.8,1.08
0,8.3,2.3,1.103
0,10.4,2.6,0.922
0,10.8,2.7,0.883
0,13.5,3.2,0.814
0,12.7,3.1,0.802
0,13.1,3.1,0.841
0,16.9,3.8,0.771
6.7,14.2,3.4,0.941
0,17,3.8,0.868
0,17.2,3.9,0.787
0,19.9,4.3,0.752
0,20.1,4.4,0.76
0,20.6,4.5,0.694
0,24.3,5.1,0.683
0,26.2,5.4,0.644
0,23.4,5,0.625
1.3,24,5.1,0.59
0,24.8,5.2,0.632
1.2,20.7,4.5,0.578
0.3,21.5,4.6,0.602
0,24.4,5.1,0.605
9.1,24.1,5.1,0.833
3.3,19.7,4.3,1.018
6,17.4,3.9,0.652
5.6,14.1,3.3,0.968
1.5,15.1,3.5,0.771
0,20.1,4.4,0.764
1.9,17.5,3.9,0.667
0.7,13.2,3.1,0.586
12,13,3.1,0.683
12,10.8,2.7,0.983
1.3,11.4,2.8,1.357
0.1,14.6,3.4,0.875
3.3,16.9,3.8,0.752
0.2,18.9,4.1,0.748
3.2,20.1,4.2,0.636
0,21.9,4.6,0.544
0,23.7,4.8,0.548
0,24.8,5,0.528
0,23.7,4.8,0.509
0,23,4.7,0.513
8.2,20.1,4.2,0.509
1.1,15.3,3.4,0.613
8.2,15.9,3.5,0.548
0,15.8,3.4,0.656
0.1,14.2,3.2,0.474
1.2,14.6,3.2,0.478
11,16,3.5,0.509
7.8,16.3,3.5,1.037
0.1,19,3.9,0.686
0,24.5,4.8,0.559
0.2,26.5,5.1,0.521
15.7,20.6,4.1,0.632
0.2,17.2,3.6,0.629
0,16.2,3.4,0.494
8.6,16.8,3.5,0.447
6.2,13.6,2.9,0.528
0.3,15.9,3.3,0.548
0,15.7,3.2,0.463
2.1,16.6,3.4,0.436
0.1,13.8,2.9,0.467
5,10.4,2.4,0.447
0,12.2,2.6,0.436
0,14.1,2.9,0.416
0.1,15.7,3.1,0.413
0,15.2,3,0.405
2.4,16.7,3.2,0.409
0.2,15,3,0.436
11.1,13.9,2.8,0.598
10.1,11,2.3,0.737
0.1,14.8,2.9,0.602
0,16.7,3.1,0.474
0.1,19.6,3.5,0.443
4.8,18.6,3.3,0.494
0,14.7,2.8,0.482
5.8,13.5,2.6,0.632
1.1,15.5,2.8,0.609
0.6,15.4,2.8,0.524
0.1,15.4,2.8,0.49
5.8,14.7,2.7,0.548
0.1,13.8,2.5,0.594
0,14.6,2.6,0.474
0,16.5,2.8,0.44
0,19.9,3.3,0.428
0,22,3.5,0.424
0,22.6,3.6,0.424
0,20.8,3.3,0.413
0,19.4,3.1,0.42
0,19.9,3.1,0.416
0,19.7,3.1,0.397
0.1,19.9,3.1,0.401
0.3,20.2,3.1,0.397
0,20.9,3.1,0.397
0.2,21.6,3.2,0.42
15.8,18.6,2.8,0.409
12.1,17.9,2.7,0.671
27,13.7,2.2,1.543
5.4,14.4,2.2,0.829
0.2,14.3,2.2,0.667
0,15.2,2.3,0.578
0.6,16.2,2.4,0.536
13.1,12.6,1.9,0.686
0.1,8.1,1.4,0.706
0,8.9,1.5,0.509
0,9.9,1.6,0.459
0.1,10.9,1.7,0.428
0,12.4,1.8,0.424
0.1,12.3,1.8,0.397
0,15,2,0.416
0,15.7,2.1,0.393
0.4,16.5,2.1,0.401
0.9,13.8,1.8,0.416
0.3,14.8,1.9,0.42
1.3,12.3,1.6,0.409
4.6,9.4,1.4,0.497
1,9.7,1.4,0.474
15.4,10.4,1.4,0.544
5.5,8.2,1.2,0.887
11.4,7.7,1.1,0.752
6,10.6,1.4,1.261
0.6,11.8,1.5,1.145
0,12,1.5,0.825
0.2,12.3,1.5,0.686
0.2,12.6,1.5,0.632
0.2,14.6,1.6,0.575
0.2,13.3,1.5,0.536
0.2,13.1,1.4,0.517
0.2,14,1.5,0.497
0.2,13.1,1.4,0.482
0.2,12.7,1.4,0.467
0.2,11.9,1.3,0.451
0.1,10.6,1.2,0.455
0.1,7.6,0.9,0.459
0.1,7.2,0.9,0.428
2.4,10.4,1.1,0.467
0.3,12.5,1.2,0.451
1.7,14.2,1.3,0.467
12.4,14,1.3,0.652
1,10.8,1.1,0.918
0,12.1,1.1,0.598
2.6,14.9,1.3,0.532
0.3,14.7,1.3,0.555
0.3,15.3,1.3,0.513
0.1,16.8,1.4,0.486
0.1,15.1,1.2,0.494
0.1,15.4,1.2,0.501
4.9,15.1,1.2,0.513
1.5,11.5,1,0.521
5.3,11.6,1,0.532
4.8,14.3,1.1,0.586
8,11.7,0.9,0.667
0.1,7.5,0.7,0.848
0.1,7.5,0.7,0.613
0.2,8.7,0.7,0.555
0.2,11.1,0.8,0.528
0.2,10.7,0.8,0.47
0.2,7.2,0.6,0.482
0.2,6.2,0.6,0.459
1.1,7.5,0.6,0.443
0,9.1,0.7,0.455
0,2.5,0.3,0.451
0.8,1.8,0.3,0.432
2,2.7,0.4,0.459
0.2,0.5,0.3,0.486
0.2,0,0.2,0.44
0.2,-1.6,0.2,0.405
0,-1.8,0.1,0.365
2.2,0.6,0.2,0.397
0,-2.1,0.1,0.409
0,-1.7,0.1,0.384
6.6,-2.3,0.1,0.373
1.1,-2.8,0.1,0.416
0.1,-1.1,0.2,0.401
5.7,-1,0.2,0.409
3.1,-0.2,0.2,0.474
0,-1,0.2,0.478
0,-1.4,0.1,0.459
0.2,-0.5,0.2,0.447
4.7,3.4,0.3,0.428
6.5,5.1,0.4,0.744
7.4,5.6,0.4,1.743
3.7,3,0.3,1.639
0.8,1.5,0.2,1.273
2.4,1.1,0.2,1.01
8.8,0.6,0.2,0.999
0,0.1,0.2,1.064
0.2,-2,0.1,0.829
0,-2.1,0.1,0.737
0.6,0.3,0.2,0.671
0,0.1,0.2,0.656
1.2,0.5,0.2,0.644
6.9,1.1,0.2,0.648
21.2,2.3,0.3,2.453
6.1,-1.8,0.1,2.352
0.8,-2.3,0.1,1.589
2.7,-1.9,0.1,1.311
0,-1.9,0.1,1.188
0,-2.7,0.1,1.061
0.6,-1.2,0.1,0.972
0.1,1.7,0.2,0.98
1.8,2.2,0.3,1.003
0.3,1.4,0.2,1.076
5.3,-1.6,0.1,1.026
8.2,-4.3,0,0.945
1.4,-7,0,0.872
0.7,-6.6,0,0.802
17.8,-4.3,0,0.733
8.1,3.9,0.3,3.39
1.6,2,0.3,3.756
0,1.4,0.2,2.861
0.1,-0.2,0.2,2.318
1.4,-2.1,0.1,1.909
0.2,-2.5,0.1,1.647
0,-2.4,0.1,1.415
0.1,-2.4,0.1,1.284
0.1,-2,0.1,1.18
0,-2.8,0.1,1.072
0,-2.2,0.1,0.96
4.4,1,0.2,0.902
0.7,-0.3,0.2,0.968
0,-1.3,0.1,0.929
0,-0.5,0.2,0.829
0,-2,0.1,0.737
4.3,0.3,0.2,0.875
22.2,2.2,0.3,1.909
2.9,2.4,0.3,3.895
0.1,2,0.3,2.619
4.1,4.2,0.4,2.306
2.9,1.5,0.3,2.615
0,-1.1,0.2,2.302
0,-6.4,0,1.975
0,-5.2,0,1.701
3.6,-2.5,0.1,1.62
1.3,-4.5,0,1.527
0,-7.8,0,1.384
0,-3.2,0.1,1.438
0,-0.6,0.2,1.246
0,-0.3,0.2,1.153
0,1.7,0.3,1.103
0,-0.9,0.2,1.068
0,-3.5,0.1,1.049
0,-7.2,0,0.937
0,-6.1,0,0.987
0.6,-2.8,0.1,0.883
0.3,-0.7,0.2,0.899
2.1,0.3,0.3,0.922
7.3,0.4,0.3,1.034
5.4,-1.4,0.2,1.057
2.1,-1.9,0.2,0.991
0,-2.4,0.2,0.895
0,-3.9,0.1,0.794
0.4,-1.9,0.2,0.825
1.4,2.3,0.5,0.879
25.8,3.6,0.6,1.724
16.1,4.3,0.6,7.212
8.9,2.4,0.5,7.404
6.3,3.5,0.6,6.71
0.9,4.2,0.6,5.592
1.7,3.7,0.6,4.628
0.9,3.1,0.6,3.972
0,-0.1,0.3,3.436
0.2,-2.4,0.2,2.985
0.2,-2,0.2,2.653
0.1,-3.1,0.1,2.395
0,-4.4,0.1,2.175
1.1,-3,0.2,1.971
10.6,-2.6,0.2,1.863
4.3,-4.2,0.1,1.786
10.8,-3.4,0.1,1.712
25,1.6,0.5,2.642
15,-3.1,0.2,3.34
0.8,-2.7,0.2,2.441
5.2,-2.6,0.2,2.079
0.1,-2.1,0.3,1.917
25,2.3,0.6,3.282
16.5,5.4,0.9,20.015
5.8,1.1,0.6,18.935
7,-0.4,0.4,11.068
0,-6.7,0,7.79
0,-6,0,5.669
0,-4.3,0,4.589
0,-2,0.3,3.972
0,-2.4,0.3,3.49
0,-0.8,0.4,3.062
0,0.4,0.5,2.842
0,0.7,0.6,2.642
2.8,2.8,0.8,2.615
6.9,4.2,0.9,3.27
9.7,1,0.6,3.667
0.4,1.4,0.7,3.694
10.5,4.5,1,3.972
8.3,9.1,1.5,6.556
2.8,13,2,9.873
10.1,11.9,1.9,10.258
9.3,6.4,1.3,9.603
2.5,4.9,1.1,8.986
13.2,9.1,1.6,8.677
2,10,1.7,9.487
2,9.3,1.7,8.099
6.3,7.4,1.5,7.366
3.7,5.6,1.3,6.595
0.2,4.4,1.1,5.553
9.1,-0.2,0.6,5.206
0,-0.3,0.6,4.628
0,1.9,0.8,4.165
1.3,5.8,1.4,3.71
11.6,4.3,1.2,3.583
19.1,1.2,0.8,5.013
1,1.8,0.9,4.512
4.7,2.5,1,4.281
2.9,4.9,1.3,4.049
0.4,7,1.6,4.435
2.8,8.9,1.8,4.011
5,8.3,1.8,4.242
0.4,8.1,1.8,3.972
0,7.4,1.7,3.617
0,7.8,1.8,3.328
0,8.8,1.9,3.104
0,12.3,2.4,2.888
3.5,11.6,2.3,2.881
0,9.2,2,2.607
1.7,12.5,2.5,2.318
2.9,12.6,2.5,2.314
0.9,12,2.5,2.206
8.2,10.2,2.2,2.109
0,9,2.1,1.998
0.1,3.5,1.3,1.801
0.3,4.6,1.5,1.708
0.4,8.2,2,1.624
0,11.6,2.5,1.608
0,15.9,3.2,1.531
0,16.1,3.2,1.431
0,15.5,3.1,1.342
0.1,14,2.9,1.338
1.1,13.4,2.8,1.265
21.6,10.1,2.4,1.435
4.9,6.8,1.9,2.966
0.2,8.9,2.2,1.782
0,13.2,2.9,1.496
4.9,14.7,3.1,1.377
5.7,12.5,2.8,1.465
0.9,11.7,2.7,1.678
3.7,14.7,3.2,1.404
6.4,15.8,3.4,1.6
0.7,15.8,3.4,1.631
11.7,14.7,3.2,1.951
2.3,11.7,2.7,1.774
4.4,10.7,2.6,1.674
0.1,12.4,2.9,1.519
5.6,11.7,2.8,1.573
0.1,9.3,2.4,1.496
0,9.5,2.4,1.288
10.3,9.8,2.5,1.357
9.6,13,3,1.87
8.5,15.2,3.4,2.241
2.5,13.6,3.1,2.622
18.8,8,2.2,2.885
15.4,4.2,1.6,4.049
0.9,5.4,1.7,4.319
7.3,5.3,1.8,3.729
3,7,2.1,3.644
0.1,10.1,2.6,3.031
0,11.1,2.8,2.665
1.5,10,2.6,2.445
0,9.9,2.6,2.302
0,11.4,2.8,2.021
0,13.6,3.2,1.847
0,15.3,3.5,1.708
0,16.9,3.8,1.593
0,17.6,3.9,1.492
0,19.2,4.2,1.404
0,20.6,4.4,1.323
0,21.8,4.7,1.257
0,21.1,4.6,1.192
0,19.3,4.3,1.107
0,18.3,4.1,1.064
0.1,21.5,4.6,1.026
9.5,18.8,4.1,1.35
3.2,19.1,4.2,1.188
0.9,18.8,4.2,1.072
0.1,14.5,3.4,0.976
0,15.5,3.6,0.945
0,19.6,4.3,0.91
21.6,20.6,4.5,1.115
0.1,18.2,4.1,1.423
4,19,4.2,0.983
9.7,16.9,3.8,1.354
9,17,3.8,1.573
0,19,4.2,1.273
0,19.2,4.2,0.953
0,19.8,4.3,0.852
0,19.9,4.3,0.771
0,21.7,4.6,0.783
3.6,22.1,4.7,0.733
4,17,3.8,0.752
6.4,17.1,3.8,0.856
1.1,18.4,4,0.81
0,20.4,4.4,0.71
0,20.4,4.3,0.69
3.9,22.1,4.6,0.675
2.5,21.5,4.5,1.053
3,21,4.4,1.037
0,20.8,4.4,0.752
0,19.3,4.1,0.675
0,19.6,4.1,0.598
0,20.1,4.2,0.555
0,22.7,4.6,0.544
0,24.5,4.9,0.536
0,25.4,5.1,0.524
1.8,22.3,4.5,0.675
13,20.7,4.2,0.629
0,21.1,4.3,0.771
0,23.3,4.6,0.544
0,24.6,4.8,0.505
0,24.5,4.8,0.486
6.1,23.2,4.6,0.482
18.9,19.3,3.9,0.536
2,18.9,3.8,0.59
0,21.2,4.2,0.544
1.6,19,3.8,0.54
4.4,15.3,3.2,0.563
0,15,3.1,0.571
2.6,13.3,2.9,0.517
17.2,13.1,2.8,0.671
4.9,14.3,3,1.192
7.8,14.9,3.1,0.821
0,17.1,3.4,0.764
2,14.3,2.9,0.636
3.3,14.4,3,0.594
5.1,12.9,2.7,0.721
11.3,10.9,2.4,0.872
8.6,10,2.2,1.122
13.2,10.7,2.3,1.365
21.1,11.3,2.4,1.955
9.1,14.2,2.8,2.846
4.4,15,2.9,1.951
21.5,16.1,3,1.327
0.2,15.4,2.9,2.187
4,15.9,3,1.396
5.6,15.2,2.8,1.253
6.9,14.7,2.8,1.176
0.2,13.4,2.6,1.365
0,13.2,2.5,1.057
6.5,13.1,2.5,0.983
3.3,13.1,2.5,1.3
5.9,13.4,2.5,1.111
7.8,13.4,2.5,1.693
23.2,11.7,2.2,3.147
5.5,9.4,1.9,4.088
2.3,9.6,1.9,2.696
0.1,11.3,2.1,2.055
0,14.2,2.4,1.705
0.2,16.7,2.8,1.539
1.3,18.6,3,1.3
0,19.6,3.1,1.203
0.1,18,2.8,1.126
0.2,18.3,2.8,1.049
6.4,18.2,2.8,0.987
0,12,2,0.98
0,13,2.1,0.872
0.1,16.2,2.5,0.848
2.4,17.7,2.6,0.872
0.4,17.4,2.5,0.906
0.1,18.4,2.6,0.787
0,17.3,2.5,0.76
2.3,14.8,2.2,0.764
0.9,14.3,2.1,0.771
42.8,14.9,2.2,1.948
4.3,13.9,2,2.622
1.2,14,2,1.651
0.3,12.6,1.8,1.307
0.2,15.4,2.1,1.126
0,16.9,2.2,1.057
0,16.4,2.1,0.968
27,15.9,2.1,1.026
25.7,12.5,1.7,6.749
3.4,11.8,1.6,5.438
0.2,12.2,1.7,3.772
0.2,12.3,1.6,3.008
1.1,13.6,1.7,2.472
9.3,14.6,1.8,2.225
4.8,14.7,1.8,2.295
65.8,13,1.6,3.128
57.1,11.7,1.5,24.064
1.5,8.9,1.2,19.321
0.3,9.9,1.3,10.567
9.1,11.6,1.4,7.867
0.5,10.1,1.3,6.903
0.2,8.6,1.1,5.129
0.2,11.2,1.3,4.242
0.2,11.2,1.3,3.683
0.2,11.7,1.3,3.332
0.2,12,1.3,3.008
0.1,13.5,1.4,2.673
0,11.4,1.3,2.453
0.2,8.1,1,2.291
0.2,7,0.9,2.16
0.2,8.6,1,2.044
2.2,10.2,1.1,1.909
3.1,11.8,1.2,1.863
3.4,13.4,1.3,1.84
1.2,11.9,1.2,1.793
2.4,12.5,1.2,1.697
30.5,13.8,1.3,2.044
0.9,12.1,1.1,3.667
0.1,10.9,1,2.31
0.1,17.7,1.4,1.982
0.4,15.5,1.3,1.786
1.9,13.5,1.2,1.67
1.6,11.8,1,1.674
0.2,7.3,0.7,1.608
2.8,9.8,0.9,1.527
0.1,4.5,0.6,1.481
0.6,0.7,0.3,1.404
0.9,0,0.3,1.334
0.3,1.3,0.3,1.303
0,1.8,0.4,1.257
0.1,4.2,0.5,1.234
0.1,7.7,0.7,1.215
1.6,10.4,0.8,1.169
2.1,7.4,0.6,1.192
0.1,1.4,0.3,1.184
11,6.7,0.6,1.342
2.1,5.6,0.5,1.705
12.4,6.7,0.6,1.535
0.4,10.2,0.7,2.565
0.2,10.5,0.7,1.894
0.4,11.6,0.8,1.639
2.8,11.6,0.8,1.523
0.7,8.6,0.6,1.504
5.4,7.2,0.6,1.508
7.9,4.9,0.4,1.604
16,5.6,0.5,2.626
2.9,2.5,0.3,3.61
7.5,9.4,0.6,2.981
0.1,11.4,0.7,2.908
0.4,13.7,0.8,2.53
0.2,10.6,0.6,2.264
0.2,12.5,0.7,2.133
3.6,10.4,0.6,2.005
0.6,7,0.5,1.967
0,5.3,0.4,1.797
0.2,7.8,0.5,1.697
0.2,8.6,0.5,1.662
9.2,9.5,0.6,1.755
21.5,7.9,0.5,2.781
12.5,11.8,0.6,4.242
0.3,6.4,0.4,4.242
2.2,5.8,0.4,3.556
3.9,8.3,0.5,3.266
2.1,3.1,0.3,3.097
0.2,1.7,0.2,2.757
1.8,2.1,0.3,2.526
0.5,2.6,0.3,2.468
0.2,4.2,0.3,2.295
0.2,5.9,0.4,2.14
0,8.7,0.5,2.017
3.8,9,0.5,1.913
0,2.2,0.3,1.951
0,0.7,0.2,1.793
0,-0.3,0.2,1.708
0,-0.9,0.2,1.624
0,0.6,0.2,1.562
0,-0.3,0.2,1.512
0,-0.2,0.2,1.462
0,0.2,0.2,1.411
0,0.1,0.2,1.357
0,-2.2,0.1,1.307
0,-3.4,0.1,1.261
0,1.5,0.2,1.23
0.2,4.9,0.4,1.211
1.5,7.1,0.4,1.196
21.3,9,0.5,1.253
19.9,6.7,0.4,3.347
12.7,1.8,0.3,4.165
1.3,2.9,0.3,4.435
9.2,4.5,0.4,4.049
6.6,4.8,0.4,3.934
7.4,7.1,0.5,4.628
2.2,5.9,0.4,4.821
9.8,7.2,0.5,4.743
1.5,9.4,0.6,5.245
6.5,8.4,0.5,4.743
14.3,5.8,0.4,4.898
1,6.4,0.5,6.479
2.7,7.1,0.5,5.245
0.5,5.4,0.4,4.821
0.2,3.7,0.4,4.204
0.2,5.7,0.5,3.799
9.2,7.8,0.5,3.486
29.1,9.4,0.6,4.319
10.5,10.3,0.7,8.754
13.8,9.1,0.6,7.867
0,4.3,0.4,8.407
3.5,1.5,0.3,7.057
19.9,-4.9,0,6.247
0,-7.5,0,5.438
0,-7,0,4.589
2,-7.9,0,3.972
0.6,-2.2,0.1,3.648
2,0.5,0.3,3.467
0,1.3,0.3,3.521
0,0.6,0.3,3.409
0.1,0.8,0.3,3.212
0.2,2.1,0.4,3.128
0.4,3.8,0.5,3.131
0,2.2,0.4,3.135
0.1,1.6,0.4,2.954
5.6,3.4,0.5,2.931
0.7,0.8,0.3,3.104
8.9,1.4,0.4,3.216
7.8,3.7,0.5,3.856
2.3,3.4,0.5,3.683
3.4,4.3,0.5,3.725
22.9,6,0.7,4.628
18,5.9,0.7,6.016
5.3,3.1,0.5,7.983
13.5,4.7,0.6,8.137
0.2,3.1,0.5,8.87
0.1,4.6,0.6,7.327
0,3.4,0.5,6.17
0,5.2,0.7,5.283
0.2,3.2,0.5,4.551
0.4,3.4,0.6,4.011
1,5.8,0.8,3.64
0.2,4.8,0.7,3.34
0.1,6.1,0.8,3.077
6.4,5.9,0.8,3.031
18.8,5.3,0.8,3.205
11.1,4,0.7,4.666
8.5,4.4,0.7,4.242
31.5,7,0.9,5.515
30.1,5.2,0.8,13.96
10.9,4.2,0.7,12.148
3.2,6.9,1,10.297
0.8,6.4,0.9,8.214
1.2,6.7,1,6.864
1.6,6.1,0.9,5.746
0.6,5.9,0.9,5.013
0,5.2,0.9,4.319
8.5,3.9,0.8,3.972
0,2.7,0.7,3.972
0,3.3,0.7,3.359
0,3.1,0.7,3.108
0,5.3,0.9,2.865
0,6,1,2.657
0,6.4,1.1,2.472
0,6,1,2.349
0.2,5.1,1,2.217
17.8,4.9,1,2.773
7.6,0.2,0.5,3.043
2.3,-0.6,0.5,2.68
2.4,-0.1,0.5,2.526
29.6,-0.5,0.5,2.557
5.8,-0.4,0.5,2.831
3.9,0.1,0.6,2.796
0,1.4,0.7,2.904
0,4.6,1,3.367
0,3.9,1,3.702
6.4,4.4,1,3.849
2,5.5,1.2,4.319
10.6,5.2,1.2,4.204
2.8,2.3,0.9,4.859
0.1,4.6,1.1,4.473
0,7.6,1.5,4.088
0.6,6.9,1.4,3.779
0.1,2.8,1,3.471
0,5.4,1.2,3.162
0,9.3,1.7,2.869
0,9.1,1.7,2.638
0,6.5,1.4,2.441
0,10,1.9,2.291
0,9.9,1.9,2.16
0,10.5,2,2.04
0,12.1,2.2,1.936
0,15,2.6,1.832
0,16.1,2.8,1.743
0,18,3,1.654
0,17,3,1.573
0,16.7,2.9,1.5
0,8.4,1.8,1.427
0,8.5,1.8,1.373
0,10.5,2.1,1.319
0,10.3,2.1,1.257
0,13,2.5,1.211
0,16.3,3,1.18
0,16.9,3.1,1.142
0,17.7,3.2,1.118
0,16,3,1.053
0.5,16.3,3.1,1.053
0.5,16,3.1,1.061
18.3,15.8,3.1,1.5
0,12.7,2.6,1.477
0,11.8,2.5,1.053
0.7,12.3,2.6,0.964
3.6,10.2,2.3,0.968
4,13.7,2.9,0.968
1.6,11.8,2.6,1.034
0,14.2,3,0.937
8.5,11.2,2.5,0.933
39,11.9,2.6,1.712
6.8,12.2,2.7,4.743
0,16.5,3.4,2.167
0.4,13.3,2.9,1.631
0,12.8,2.8,1.388
0.7,16.2,3.4,1.253
30.6,10.2,2.4,1.878
7.8,7.4,2,2.888
18.4,8.5,2.2,2.241
7.5,9.3,2.3,4.473
0.2,11,2.6,3.683
0.1,15.2,3.3,3.031
0.1,17.6,3.7,2.584
8.4,17.8,3.8,2.279
4.4,18.2,3.8,2.445
0.5,18.8,3.9,2.202
3.4,20,4.2,1.832
0.8,21,4.4,1.631
0.3,19.5,4.1,1.523
9.6,12.9,3,1.543
9.2,8.2,2.2,1.782
4.8,6.8,2,1.87
0.7,10.2,2.6,1.581
21.1,12.6,3,1.388
4.5,10.4,2.6,2.507
5.8,13,3.1,1.755
0,15.5,3.5,1.585
0.4,16.7,3.7,1.454
0,17.7,3.9,1.338
1.3,18.7,4.1,1.261
0.1,19.7,4.3,1.23
3.4,19.5,4.2,1.3
6.8,17.8,3.9,1.546
2.4,18.8,4.1,1.273
16.4,17.3,3.9,1.346
0.1,17.5,3.9,1.319
1.1,17.1,3.8,1.118
6.1,18.8,4.1,1.034
6.8,14.3,3.4,1.562
2.3,14.7,3.4,1.315
21.2,17.2,3.9,1.219
0.4,17.7,4,1.786
0.8,20.6,4.5,1.149
12.3,20.2,4.4,1.157
5.3,15,3.5,1.674
9.2,13.2,3.2,1.546
3.9,12.8,3.1,1.647
1.8,16.6,3.8,1.377
7.7,14,3.3,1.33
10.5,10.4,2.7,1.836
5.1,10.1,2.6,2.005
3.2,11.7,2.9,1.712
3.5,13.8,3.2,1.508
1,15.1,3.5,1.546
15.2,17,3.8,1.388
7.9,14,3.3,2.499
18.2,12.4,3,2.291
10.9,11.7,2.9,4.011
13.7,11,2.7,3.822
1.9,13.9,3.2,4.049
0,15,3.4,3.324
19.5,15.1,3.5,3.266
4.1,12.6,3,3.972
5.5,9.5,2.5,3.606
3.4,11.6,2.8,3.255
0.3,14.5,3.3,2.915
0,19.7,4.2,2.553
0,23,4.7,2.268
0,24.8,5,2.009
0.5,24.2,4.9,1.82
2.8,19.5,4.1,1.712
1.6,19.5,4.1,1.647
2.8,19.4,4.1,1.612
6,17.6,3.8,1.674
0.4,15.2,3.3,1.504
0,15.4,3.4,1.377
11.5,15.1,3.3,1.566
10.9,13,3,2.383
0.1,15.8,3.4,1.747
0,18.8,3.9,1.373
0,17.7,3.7,1.273
4.4,15.9,3.4,1.319
17.4,14.5,3.1,1.917
0,12.4,2.8,2.052
0,12.1,2.7,1.369
2.6,15.3,3.2,1.234
7.8,16.3,3.4,1.323
0.2,14.6,3.1,1.296
0,16.4,3.3,1.084
0,19.7,3.8,1.053
7.5,20,3.8,1.061
12.3,14.9,3.1,1.593
17.2,13.1,2.8,1.581
11.9,11.4,2.5,3.089
4.7,13.3,2.8,2.322
0.3,16.2,3.2,2.032
7,16.1,3.1,1.843
0.2,16.5,3.2,1.701
0,18.1,3.4,1.519
5.6,22.7,4,1.404
2.1,14.9,2.9,1.666
0,12.7,2.6,1.361
0,13,2.6,1.249
2.4,15,2.8,1.199
1.1,13,2.5,1.199
3.6,12.5,2.5,1.207
0.9,12.6,2.5,1.207
2.3,14.4,2.7,1.138
0.1,15.8,2.8,1.103
0,17.7,3,1.003
0,17.5,3,0.949
0.1,16.6,2.9,0.906
2.9,13.9,2.5,0.887
0,13,2.4,0.941
0,12.4,2.3,0.837
0.3,12.7,2.3,0.829
0.8,12.9,2.3,0.829
0,13.1,2.3,0.829
16.1,11.3,2.1,1.253
1.7,8.9,1.7,1.28
0,7.4,1.5,0.949
2.3,9.5,1.8,0.883
0.2,10.1,1.8,0.868
0,12.6,2.1,0.829
0.1,12.4,2.1,0.794
4.8,10.6,1.8,0.771
0.2,9.8,1.7,0.86
0.2,9.9,1.7,0.775
0.2,11,1.8,0.752
0,13.2,2,0.69
0.2,13,2,0.694
0.1,14,2.1,0.683
23.7,15.3,2.2,0.752
5.5,8.1,1.4,1.828
0.2,5.9,1.2,1.072
0.2,7.9,1.3,0.841
0.1,10.7,1.6,0.787
0,13.9,1.9,0.744
0,14.2,1.9,0.721
2.8,14,1.9,0.694
0.2,9,1.4,0.717
18.4,6.4,1.1,0.76
15.2,7,1.2,2.106
5.3,8.2,1.3,1.35
0.2,9.4,1.4,1.446
0,9.8,1.4,1.076
0.2,13.2,1.6,0.956
1.9,15.2,1.8,0.926
0.1,15.2,1.8,0.914
0,15.8,1.8,0.848
0,14.3,1.7,0.814
0.1,11,1.4,0.779
0.2,7.9,1.1,0.779
0.2,8.3,1.1,0.76
0.1,8.6,1.1,0.744
0.1,9.3,1.2,0.733
0.2,8.1,1,0.733
0.2,8.8,1.1,0.729
0,9.5,1.1,0.713
0.2,7.4,0.9,0.702
0.2,11,1.2,0.694
0.1,10.9,1.2,0.679
4.5,11.7,1.2,0.694
0.2,5.4,0.8,0.764
0,3.3,0.6,0.71
0,1.4,0.5,0.69
1.8,1.6,0.5,0.69
0,1.4,0.4,0.713
0,1.8,0.5,0.698
0,2.8,0.5,0.671
0,4.9,0.7,0.632
0,5.4,0.7,0.629
0,5.5,0.7,0.621
0,5,0.6,0.625
2.6,6.3,0.7,0.609
0.4,5.1,0.6,0.671
0.1,4.2,0.6,0.663
0.1,4,0.5,0.625
0,6.2,0.6,0.605
1,9,0.8,0.598
0,6.7,0.7,0.594
2.9,2.6,0.4,0.602
5.1,4,0.5,0.74
5,4.2,0.5,0.767
13.6,6.2,0.6,1.053
5.3,1.7,0.4,1.766
32.6,3,0.4,2.175
20.3,6,0.6,6.247
0.6,1.3,0.3,4.126
13.6,1,0.3,2.838
4.7,-0.2,0.2,3.841
2,-2.4,0.1,2.815
0,-3.2,0.1,2.275
0,-0.6,0.2,1.998
0.1,-1.2,0.2,1.89
0.5,-0.2,0.2,1.782
2.4,2.8,0.3,1.72
8.5,6.1,0.5,1.867
12.3,6.8,0.5,2.48
12,6,0.5,3.741
0.3,0.7,0.2,3.563
3.5,0.8,0.2,3.266
1.8,1.8,0.3,3.139
0.1,0.7,0.2,2.765
0.2,-1.3,0.1,2.495
4.3,1,0.2,2.364
0.6,4.2,0.4,2.742
14.6,5.3,0.4,2.888
25.6,5.8,0.4,4.281
13.4,4.5,0.4,8.021
0.4,4.1,0.4,6.903
5.1,7.2,0.5,5.592
16.2,7.1,0.5,5.399
15.8,7,0.5,8.754
5.6,3,0.3,8.523
13.1,4.6,0.4,8.099
17.8,3.3,0.3,9.68
6.8,1.8,0.2,9.834
0,1.2,0.2,8.214
0,1.1,0.2,6.633
0,-2.9,0.1,5.515
0,-4.2,0,4.705
0,-4.1,0,4.049
0,-4.6,0,3.633
0,-6.2,0,3.255
0,-5,0,2.908
0.1,-3.1,0,2.73
0,-2.2,0.1,2.495
0,-1.9,0.1,2.345
0,-1.1,0.1,2.214
0,-2.7,0.1,2.082
0,-1.9,0.1,1.971
0.7,-1.7,0.1,1.894
0,-1.7,0.1,1.82
0,-0.6,0.1,1.759
9.2,3.5,0.3,1.948
2,1.8,0.2,2.198
0.4,0.5,0.2,1.863
0,-1.4,0.1,1.716
0,-4.9,0,1.612
0.1,-1.6,0.1,1.55
0.8,0.5,0.2,1.5
27.8,4.7,0.4,2.194
12.9,3.2,0.3,5.052
5.4,5.9,0.4,6.325
0.4,2.9,0.3,5.052
4.6,4.7,0.4,4.242
0.1,6.5,0.5,3.934
1.6,5.7,0.4,3.459
0.9,2.3,0.3,3.232
0.1,-0.6,0.2,2.892
0.9,4.5,0.4,2.673
2.9,6.1,0.5,2.526
1.4,5.1,0.4,2.534
11.3,4.5,0.4,2.387
2.3,7.1,0.5,3.297
0.2,8.8,0.6,2.796
0,7.7,0.6,2.48
19.9,6.3,0.5,2.395
4,2.1,0.3,4.743
0,-0.1,0.2,3.822
1.5,3.1,0.4,3.444
0,1.6,0.3,3.128
0,0.9,0.3,2.854
0,4.8,0.5,2.592
0.1,1.3,0.3,2.406
0,2.2,0.3,2.287
1.5,0.7,0.3,2.152
8.9,-0.1,0.3,2.052
18.4,2.6,0.4,3.016
0.2,-2,0.2,3.216
0.2,-2.3,0.1,2.526
1.2,2.8,0.4,2.472
11.3,3.7,0.5,2.418
13,5.7,0.6,4.435
0.2,1.5,0.4,3.856
0,1.2,0.3,3.413
0,1.6,0.4,3.062
0,1.9,0.4,2.757
0,2.7,0.5,2.514
0,2.6,0.5,2.337
0.1,-0.2,0.3,2.163
0.1,0.3,0.3,2.04
0,-2.6,0.2,1.921
0,-3,0.1,1.759
0,-2.8,0.1,1.662
0,0,0.3,1.62
0,1.2,0.4,1.581
5.4,4.1,0.6,1.612
0.2,5.8,0.8,1.786
0,8,0.9,1.612
0,7.2,0.9,1.504
0,9.3,1,1.419
0,8.4,1,1.377
10,8.3,1,1.442
0.2,4,0.7,1.87
4.5,4,0.7,1.45
27.2,8.7,1.1,1.882
12.6,7.6,1,7.173
2.2,7.2,1,5.206
10.6,5.3,0.9,5.129
10.3,-0.3,0.4,4.782
0.2,-2.9,0.2,4.165
0,-2.3,0.2,3.721
1.2,1.4,0.6,3.517
0,2.4,0.7,3.347
0,4.6,0.9,3.027
3.7,5,0.9,2.846
21.7,5.7,1,2.781
8.3,6.9,1.1,6.132
7,4.2,0.9,4.628
6,7.8,1.2,5.129
2.4,8.2,1.3,4.666
4.8,6.6,1.2,4.512
2.7,3.3,0.8,4.319
0.1,0.4,0.6,3.849
1.6,-0.7,0.4,3.575
13.9,0.3,0.6,3.394
15.8,-0.2,0.5,4.821
4.4,-0.2,0.5,4.551
0.3,-3.9,0.1,3.845
8.2,-4.7,0,3.432
2.4,-2.2,0.3,3.158
1.8,0.9,0.6,2.977
2,1.6,0.7,3.182
2.6,3.8,1,3.482
0,4.9,1.1,4.705
0.4,9.6,1.7,4.898
0,5.6,1.2,5.013
0,7.1,1.4,4.551
0.2,6.5,1.4,4.165
0.6,5,1.2,3.826
0,4.8,1.2,3.544
8,5.2,1.3,3.436
6.5,1.6,0.8,3.544
0.9,-1.9,0.4,3.317
5.2,-0.2,0.6,3.047
16.3,3.9,1.1,4.512
6.9,5.1,1.3,4.898
15.1,5.5,1.4,5.592
0,4.8,1.3,5.476
4.7,8,1.7,5.091
5.4,5.1,1.4,4.859
3.9,3.1,1.1,4.396
2.7,1.1,0.8,4.049
0.9,2.5,1,3.764
2.9,7.7,1.8,3.598
1.6,6.8,1.6,3.548
0.1,8.9,1.9,3.182
17.2,7.5,1.8,3.193
3.6,8.4,1.9,4.242
6.1,8.6,1.9,4.204
2.4,10.7,2.3,3.972
0,9.4,2.1,3.691
0,9.5,2.1,3.417
0,12,2.5,3.185
3.5,11.5,2.5,3.05
0,8.2,2,2.881
0.3,7.4,1.9,2.599
0.1,8.7,2.1,2.406
0,9.9,2.3,2.233
0,11.7,2.5,2.079
0,12.5,2.7,1.951
0,12.4,2.7,1.824
0,13.9,2.9,1.747
0,13.6,2.9,1.674
0,14.1,3,1.593
0,15.2,3.1,1.539
0,15.9,3.3,1.462
0.7,14.7,3.1,1.392
0,14.5,3.1,1.338
0,16.1,3.4,1.273
0,16.2,3.4,1.238
1.1,14.5,3.2,1.199
3.5,13.9,3.1,1.215
1.5,12.5,2.9,1.23
8.4,10.1,2.5,1.28
0,10.2,2.5,1.23
0,10.4,2.5,1.099
0,9.8,2.4,1.026
1.8,9.5,2.4,1.007
0,11.8,2.8,1.003
11.4,13,3,0.995
0.2,16.2,3.6,1.365
0.3,16.9,3.7,1.01
0,18.6,4,0.945
0,18.8,4,0.864
10.3,18.7,4,0.856
6.5,17.1,3.8,1.315
13.7,15.3,3.5,1.813
0,16.9,3.7,1.23
0.1,18.1,4,0.945
5.6,15.7,3.5,1.037
6.9,13.7,3.2,1.091
17.4,13.4,3.2,1.878
4,13.9,3.3,1.431
0.3,12.1,3,1.157
0.8,15.3,3.5,1.072
0.1,17,3.8,0.972
5.9,17.6,3.9,1.007
0,15.5,3.6,0.945
8.7,11.7,2.9,0.899
0,9.6,2.5,0.945
0,11.1,2.8,0.798
5.6,9.3,2.5,0.791
4,10.8,2.8,0.872
0.4,11.2,2.8,0.926
0,14.8,3.4,0.821
0,16.5,3.8,0.74
0,17,3.8,0.706
0,18.7,4.1,0.667
6.9,20.8,4.5,0.659
15.3,18.9,4.2,1.192
4,19.4,4.3,2.322
21.9,20.1,4.4,3.544
0.1,16.9,3.8,2.41
0,16.6,3.8,1.608
0,17.4,3.9,1.292
0,19.5,4.3,1.145
0,19.1,4.2,1.034
0,21.3,4.6,0.933
2.9,22.6,4.8,0.895
6.4,15.9,3.6,1.061
0,14.9,3.4,0.918
0,16.8,3.7,0.798
3.6,14.8,3.4,0.791
4.2,14,3.2,0.798
12.2,12.9,3.1,0.798
0,15.5,3.5,1.122
4.1,20,4.3,0.771
5.8,18.1,3.9,0.756
0.9,14.8,3.3,0.683
2.5,12.6,3,0.69
0.1,14.5,3.3,0.667
0,16.6,3.6,0.409
1.9,18.8,4,0.509
0.2,14.1,3.2,0.648
0.2,15.6,3.4,0.594
4.2,17.7,3.7,0.513
0,14.9,3.3,0.478
0.5,11.8,2.8,0.459
0.2,10.9,2.6,0.432
0,14.2,3.1,0.428
0,17.5,3.7,0.428
0,18.8,3.8,0.424
3.4,19.8,4,0.455
5.3,19.8,4,0.486
4.6,20.9,4.2,0.521
0,21.5,4.2,0.494
0.2,21.1,4.1,0.494
0.1,21.9,4.2,0.505
3.3,18.4,3.7,0.524
3.8,18.4,3.6,0.528
1.3,19.1,3.7,0.544
18.1,17.2,3.4,0.798
0.1,17.1,3.4,0.729
0,19.4,3.7,0.536
0.2,20.9,3.9,0.509
9.2,15.2,3,0.632
0.1,15.7,3.1,0.671
0,17.5,3.4,0.524
21.4,16.6,3.2,0.621
27.3,14.7,2.9,2.318
0.1,14.9,2.9,1.492
5.4,14,2.8,0.767
1.2,11.5,2.4,0.791
0.2,13,2.6,0.652
2.3,14.2,2.7,0.575
0,18.3,3.3,0.582
7.1,15.8,2.9,0.671
0.1,13.4,2.6,0.683
0.1,13.9,2.6,0.559
13.3,13.4,2.5,0.575
3.8,11.9,2.3,1.026
0.3,12.9,2.4,0.737
1.1,14.7,2.7,0.625
0.2,14.7,2.6,0.575
0.2,16,2.8,0.521
0,14.4,2.5,0.521
0.1,15.2,2.6,0.509
0.1,15.9,2.7,0.497
5.1,18.6,3,0.497
0.2,15.7,2.6,0.548
0.2,15.6,2.6,0.497
15.2,15.2,2.5,0.675
3.9,12.5,2.2,0.999
3.7,15.7,2.5,0.671
11.9,13.9,2.3,1.084
2.4,13.3,2.2,0.983
0.2,13,2.1,0.729
0,15.6,2.4,0.613
0.3,16.8,2.5,0.575
9.2,16,2.4,0.571
7.1,13,2.1,0.949
28.9,10.3,1.7,2.453
0.1,6.6,1.3,2.179
0,6.4,1.3,1.222
0,7.6,1.4,1.018
0,5.3,1.1,0.91
0.9,7,1.3,0.829
0,9.2,1.5,0.798
0,7.4,1.3,0.748
0,8.3,1.4,0.702
2.1,7.9,1.3,0.694
0.1,7.4,1.2,0.675
0.1,8.2,1.3,0.632
0.1,8.7,1.4,0.625
0,9.1,1.4,0.598
0.2,8.6,1.3,0.563
0.2,7.2,1.1,0.548
0.1,8.3,1.2,0.548
15.5,8.2,1.2,0.632
9,9.4,1.3,1.13
4,7.5,1.1,1.126
9.3,5.4,0.9,0.929
1.2,5,0.9,1.276
2.8,9.1,1.2,0.945
3.9,11.1,1.4,0.914
0.2,12.6,1.5,0.96
0.2,12.5,1.4,0.829
0.7,10.9,1.3,0.787
0.2,11.6,1.3,0.764
0.2,11.1,1.2,0.702
0.1,13.6,1.4,0.702
0.1,13.7,1.4,0.683
0,13.1,1.4,0.686
9.8,12.9,1.3,0.686
14.6,9.3,1.1,1.909
0.2,4.6,0.7,1.388
0.2,3.9,0.6,0.991
0.2,4.7,0.7,0.887
0.8,10.8,1.1,0.852
19.3,12.1,1.2,1.327
10.4,4,0.6,2.484
0.2,2.7,0.5,1.948
0.2,4.4,0.6,1.527
0.1,4.1,0.6,1.338
0.7,8.1,0.8,1.234
13.4,8.6,0.9,1.674
5.3,4.7,0.6,1.924
13.1,2.4,0.4,1.805
2.2,1.4,0.4,2.291
7,4.2,0.5,2.144
0.2,6.1,0.6,2.341
0,7.6,0.7,1.901
4,8.1,0.7,1.755
0,8.9,0.8,1.735
0.4,6.7,0.6,1.577
0.1,6.3,0.6,1.446
0,7.6,0.7,1.346
0.2,5.5,0.5,1.257
3.5,9.3,0.7,1.246
0,11.6,0.8,1.215
4.6,8,0.7,1.257
0.2,4.3,0.5,1.176
0.1,2.4,0.3,1.076
0.2,1.4,0.3,1.034
0.5,4.4,0.4,0.991
4.5,6.7,0.5,0.999
0.1,2.5,0.3,1.041
0.9,3.9,0.4,0.976
0,5.3,0.5,0.953
15.7,5.9,0.5,0.929
20.1,3.5,0.4,3.675
5.5,-1.7,0.1,2.503
5.8,-2.4,0.1,1.978
4.5,0.1,0.2,2.025
0.2,-2.3,0.1,1.867
0.2,-3.2,0.1,1.651
0.2,-3.5,0.1,1.546
0,-1.7,0.1,1.473
0.6,-0.8,0.2,1.423
1,0.3,0.2,1.404
3.4,0.6,0.2,1.361
1.1,0,0.2,1.469
4.8,1.9,0.3,1.597
11.6,3.3,0.3,2.256
12.3,3.3,0.3,3.613
14.9,2.5,0.3,4.743
0.2,1.1,0.2,5.168
0.1,-1.2,0.1,4.088
2.8,0.5,0.2,3.502
2.7,-0.9,0.2,3.116
1.5,-1.5,0.1,2.665
0,-3.7,0,2.345
0,-3.3,0.1,2.152
0,-1.6,0.1,1.986
0,0.3,0.2,1.828
0.2,-0.5,0.1,1.708
1.8,-2.1,0.1,1.608
1.7,-0.4,0.2,1.523
4.8,2.1,0.3,1.843
8,4,0.3,2.754
0.3,6,0.4,4.666
0.4,4.7,0.3,3.675
0,1.3,0.2,3.363
0.8,0.8,0.2,3.081
0,0.3,0.2,2.796
0,-3.6,0.1,2.518
0,-4.5,0,2.287
0,-5.8,0,2.086
0,-5.9,0,1.975
1.7,-3.3,0,1.84
2.3,0.1,0.2,1.851
